treat,age,educ,black,hisp,married,nodegree,re75,re78
0.00E+00,2.30E+01,1.00E+01,1.00E+00,0.00E+00,0.00E+00,1.00E+00,0.00E+00,0.00E+00
0.00E+00,2.60E+01,1.20E+01,0.00E+00,0.00E+00,0.00E+00,0.00E+00,0.00E+00,1.24E+04
0.00E+00,2.20E+01,9.00E+00,1.00E+00,0.00E+00,0.00E+00,1.00E+00,0.00E+00,0.00E+00
0.00E+00,3.40E+01,9.00E+00,1.00E+00,0.00E+00,0.00E+00,1.00E+00,4.37E+03,1.41E+04
0.00E+00,1.80E+01,9.00E+00,1.00E+00,0.00E+00,0.00E+00,1.00E+00,0.00E+00,1.07E+04
0.00E+00,4.50E+01,1.10E+01,1.00E+00,0.00E+00,0.00E+00,1.00E+00,0.00E+00,1.18E+04
0.00E+00,1.80E+01,9.00E+00,1.00E+00,0.00E+00,0.00E+00,1.00E+00,0.00E+00,9.23E+03
0.00E+00,2.70E+01,1.20E+01,1.00E+00,0.00E+00,0.00E+00,0.00E+00,2.48E+03,3.55E+03
0.00E+00,2.40E+01,8.00E+00,0.00E+00,0.00E+00,0.00E+00,1.00E+00,0.00E+00,1.06E+04
0.00E+00,3.40E+01,1.10E+01,1.00E+00,0.00E+00,1.00E+00,1.00E+00,0.00E+00,6.04E+03
0.00E+00,2.00E+01,1.30E+01,1.00E+00,0.00E+00,0.00E+00,0.00E+00,8.97E+03,9.20E+03
0.00E+00,2.40E+01,4.00E+00,0.00E+00,1.00E+00,0.00E+00,1.00E+00,0.00E+00,3.88E+03
0.00E+00,2.80E+01,1.20E+01,0.00E+00,0.00E+00,0.00E+00,0.00E+00,8.03E+02,1.65E+04
0.00E+00,2.10E+01,1.00E+01,1.00E+00,0.00E+00,0.00E+00,1.00E+00,9.23E+02,0.00E+00
0.00E+00,2.80E+01,1.20E+01,1.00E+00,0.00E+00,1.00E+00,0.00E+00,2.90E+04,1.01E+04
0.00E+00,2.00E+01,1.20E+01,1.00E+00,0.00E+00,0.00E+00,0.00E+00,6.00E+03,4.78E+03
0.00E+00,2.30E+01,8.00E+00,1.00E+00,0.00E+00,0.00E+00,1.00E+00,3.40E+03,0.00E+00
0.00E+00,2.10E+01,1.10E+01,1.00E+00,0.00E+00,1.00E+00,1.00E+00,7.24E+03,8.98E+03
0.00E+00,3.60E+01,1.00E+01,1.00E+00,0.00E+00,0.00E+00,1.00E+00,0.00E+00,0.00E+00
0.00E+00,1.80E+01,1.20E+01,0.00E+00,0.00E+00,0.00E+00,0.00E+00,7.35E+02,2.50E+03
0.00E+00,2.10E+01,1.40E+01,1.00E+00,0.00E+00,0.00E+00,0.00E+00,0.00E+00,5.78E+03
0.00E+00,3.00E+01,1.30E+01,1.00E+00,0.00E+00,0.00E+00,0.00E+00,5.57E+03,0.00E+00
0.00E+00,2.60E+01,1.10E+01,0.00E+00,1.00E+00,0.00E+00,1.00E+00,1.49E+03,0.00E+00
0.00E+00,2.80E+01,9.00E+00,1.00E+00,0.00E+00,0.00E+00,1.00E+00,0.00E+00,0.00E+00
0.00E+00,3.10E+01,4.00E+00,0.00E+00,0.00E+00,0.00E+00,1.00E+00,1.07E+04,0.00E+00
0.00E+00,1.80E+01,1.20E+01,1.00E+00,0.00E+00,0.00E+00,0.00E+00,6.43E+02,1.44E+04
0.00E+00,2.70E+01,7.00E+00,1.00E+00,0.00E+00,1.00E+00,1.00E+00,0.00E+00,0.00E+00
0.00E+00,1.90E+01,1.10E+01,0.00E+00,0.00E+00,0.00E+00,1.00E+00,0.00E+00,0.00E+00
0.00E+00,2.00E+01,8.00E+00,1.00E+00,0.00E+00,0.00E+00,1.00E+00,0.00E+00,0.00E+00
0.00E+00,2.80E+01,8.00E+00,1.00E+00,0.00E+00,0.00E+00,1.00E+00,1.06E+04,4.62E+03
0.00E+00,3.40E+01,1.20E+01,1.00E+00,0.00E+00,0.00E+00,0.00E+00,0.00E+00,2.11E+03
0.00E+00,2.40E+01,1.00E+01,1.00E+00,0.00E+00,0.00E+00,1.00E+00,0.00E+00,7.62E+03
0.00E+00,2.40E+01,9.00E+00,1.00E+00,0.00E+00,0.00E+00,1.00E+00,0.00E+00,1.65E+04
0.00E+00,2.20E+01,8.00E+00,0.00E+00,1.00E+00,0.00E+00,1.00E+00,0.00E+00,9.92E+03
0.00E+00,2.50E+01,1.10E+01,1.00E+00,0.00E+00,0.00E+00,1.00E+00,0.00E+00,4.20E+03
0.00E+00,2.00E+01,1.10E+01,0.00E+00,0.00E+00,0.00E+00,1.00E+00,1.18E+03,8.74E+03
0.00E+00,2.10E+01,9.00E+00,1.00E+00,0.00E+00,0.00E+00,1.00E+00,0.00E+00,3.34E+03
0.00E+00,1.90E+01,1.20E+01,1.00E+00,0.00E+00,0.00E+00,0.00E+00,2.81E+03,1.72E+03
0.00E+00,3.90E+01,9.00E+00,1.00E+00,0.00E+00,0.00E+00,1.00E+00,0.00E+00,0.00E+00
0.00E+00,1.90E+01,9.00E+00,1.00E+00,0.00E+00,1.00E+00,1.00E+00,0.00E+00,1.67E+04
0.00E+00,2.40E+01,1.00E+01,1.00E+00,0.00E+00,0.00E+00,1.00E+00,1.31E+03,0.00E+00
0.00E+00,4.40E+01,9.00E+00,1.00E+00,0.00E+00,0.00E+00,1.00E+00,0.00E+00,9.72E+03
0.00E+00,2.30E+01,1.10E+01,1.00E+00,0.00E+00,0.00E+00,1.00E+00,1.90E+03,5.57E+03
0.00E+00,2.20E+01,1.20E+01,1.00E+00,0.00E+00,0.00E+00,0.00E+00,5.32E+02,1.33E+03
0.00E+00,2.70E+01,8.00E+00,1.00E+00,0.00E+00,0.00E+00,1.00E+00,0.00E+00,3.78E+03
0.00E+00,2.70E+01,1.10E+01,1.00E+00,0.00E+00,1.00E+00,1.00E+00,1.12E+03,2.16E+02
0.00E+00,1.80E+01,9.00E+00,1.00E+00,0.00E+00,0.00E+00,1.00E+00,1.61E+03,0.00E+00
0.00E+00,2.50E+01,8.00E+00,1.00E+00,0.00E+00,0.00E+00,1.00E+00,0.00E+00,3.52E+03
0.00E+00,3.10E+01,1.00E+01,1.00E+00,0.00E+00,0.00E+00,1.00E+00,0.00E+00,1.70E+04
0.00E+00,2.80E+01,1.00E+01,1.00E+00,0.00E+00,0.00E+00,1.00E+00,6.57E+03,5.44E+03
0.00E+00,2.60E+01,1.00E+01,1.00E+00,0.00E+00,1.00E+00,1.00E+00,5.59E+02,0.00E+00
0.00E+00,3.00E+01,8.00E+00,1.00E+00,0.00E+00,0.00E+00,1.00E+00,1.71E+03,0.00E+00
0.00E+00,2.80E+01,1.10E+01,0.00E+00,1.00E+00,1.00E+00,1.00E+00,0.00E+00,6.77E+03
0.00E+00,3.40E+01,1.00E+01,1.00E+00,0.00E+00,1.00E+00,1.00E+00,0.00E+00,0.00E+00
0.00E+00,2.10E+01,7.00E+00,0.00E+00,1.00E+00,0.00E+00,1.00E+00,0.00E+00,0.00E+00
0.00E+00,3.30E+01,1.20E+01,1.00E+00,0.00E+00,0.00E+00,0.00E+00,0.00E+00,5.97E+03
0.00E+00,1.90E+01,9.00E+00,1.00E+00,0.00E+00,0.00E+00,1.00E+00,1.78E+03,7.17E+03
0.00E+00,2.00E+01,1.10E+01,1.00E+00,0.00E+00,0.00E+00,1.00E+00,7.97E+03,0.00E+00
0.00E+00,1.80E+01,1.00E+01,0.00E+00,1.00E+00,0.00E+00,1.00E+00,0.00E+00,1.86E+03
0.00E+00,2.70E+01,1.20E+01,1.00E+00,0.00E+00,1.00E+00,0.00E+00,7.52E+02,0.00E+00
0.00E+00,2.60E+01,1.20E+01,1.00E+00,0.00E+00,1.00E+00,0.00E+00,0.00E+00,6.19E+03
0.00E+00,2.40E+01,9.00E+00,1.00E+00,0.00E+00,0.00E+00,1.00E+00,9.66E+03,0.00E+00
0.00E+00,3.10E+01,1.20E+01,1.00E+00,0.00E+00,0.00E+00,0.00E+00,0.00E+00,7.28E+03
0.00E+00,2.20E+01,1.20E+01,1.00E+00,0.00E+00,0.00E+00,0.00E+00,2.16E+03,0.00E+00
0.00E+00,2.80E+01,1.40E+01,1.00E+00,0.00E+00,0.00E+00,0.00E+00,6.54E+03,3.12E+03
0.00E+00,3.50E+01,1.00E+01,1.00E+00,0.00E+00,0.00E+00,1.00E+00,0.00E+00,4.46E+02
0.00E+00,2.00E+01,1.20E+01,1.00E+00,0.00E+00,0.00E+00,0.00E+00,0.00E+00,0.00E+00
0.00E+00,3.00E+01,9.00E+00,0.00E+00,0.00E+00,0.00E+00,1.00E+00,3.14E+03,1.32E+03
0.00E+00,2.50E+01,1.10E+01,1.00E+00,0.00E+00,0.00E+00,1.00E+00,0.00E+00,0.00E+00
0.00E+00,2.50E+01,1.00E+01,1.00E+00,0.00E+00,0.00E+00,1.00E+00,0.00E+00,7.37E+03
0.00E+00,3.50E+01,1.10E+01,1.00E+00,0.00E+00,0.00E+00,1.00E+00,0.00E+00,0.00E+00
0.00E+00,2.20E+01,8.00E+00,1.00E+00,0.00E+00,0.00E+00,1.00E+00,6.15E+03,0.00E+00
0.00E+00,2.10E+01,1.20E+01,1.00E+00,0.00E+00,0.00E+00,0.00E+00,4.49E+02,0.00E+00
0.00E+00,2.00E+01,1.00E+01,1.00E+00,0.00E+00,0.00E+00,1.00E+00,0.00E+00,2.02E+03
0.00E+00,2.10E+01,8.00E+00,1.00E+00,0.00E+00,0.00E+00,1.00E+00,2.24E+03,1.76E+03
0.00E+00,2.50E+01,9.00E+00,0.00E+00,1.00E+00,0.00E+00,1.00E+00,0.00E+00,1.58E+04
0.00E+00,2.40E+01,1.00E+01,0.00E+00,1.00E+00,0.00E+00,1.00E+00,3.00E+03,5.35E+03
0.00E+00,3.30E+01,1.10E+01,1.00E+00,0.00E+00,0.00E+00,1.00E+00,2.90E+03,1.89E+04
0.00E+00,2.10E+01,9.00E+00,1.00E+00,0.00E+00,0.00E+00,1.00E+00,1.24E+04,0.00E+00
0.00E+00,2.70E+01,1.10E+01,1.00E+00,0.00E+00,1.00E+00,1.00E+00,4.49E+03,0.00E+00
0.00E+00,2.70E+01,1.00E+01,1.00E+00,0.00E+00,0.00E+00,1.00E+00,0.00E+00,1.14E+03
0.00E+00,2.00E+01,1.10E+01,0.00E+00,1.00E+00,0.00E+00,1.00E+00,0.00E+00,6.38E+03
0.00E+00,2.50E+01,1.30E+01,1.00E+00,0.00E+00,0.00E+00,0.00E+00,1.02E+04,1.00E+04
0.00E+00,1.80E+01,1.10E+01,1.00E+00,0.00E+00,0.00E+00,1.00E+00,6.45E+02,5.50E+03
0.00E+00,2.60E+01,1.10E+01,1.00E+00,0.00E+00,0.00E+00,1.00E+00,0.00E+00,7.18E+03
0.00E+00,3.80E+01,8.00E+00,1.00E+00,0.00E+00,0.00E+00,1.00E+00,0.00E+00,0.00E+00
0.00E+00,2.10E+01,1.10E+01,1.00E+00,0.00E+00,1.00E+00,1.00E+00,7.65E+03,8.40E+03
0.00E+00,3.40E+01,1.10E+01,1.00E+00,0.00E+00,0.00E+00,1.00E+00,8.91E+03,5.61E+03
0.00E+00,2.10E+01,1.00E+01,1.00E+00,0.00E+00,0.00E+00,1.00E+00,1.16E+03,3.95E+04
0.00E+00,3.10E+01,1.30E+01,1.00E+00,0.00E+00,0.00E+00,0.00E+00,1.04E+04,7.40E+03
0.00E+00,3.40E+01,1.00E+01,1.00E+00,0.00E+00,0.00E+00,1.00E+00,0.00E+00,7.95E+03
0.00E+00,2.50E+01,1.10E+01,1.00E+00,0.00E+00,0.00E+00,1.00E+00,3.65E+03,0.00E+00
0.00E+00,2.40E+01,9.00E+00,1.00E+00,0.00E+00,0.00E+00,1.00E+00,1.28E+03,8.64E+03
0.00E+00,1.90E+01,1.20E+01,1.00E+00,0.00E+00,0.00E+00,0.00E+00,0.00E+00,0.00E+00
0.00E+00,3.20E+01,8.00E+00,1.00E+00,0.00E+00,0.00E+00,1.00E+00,0.00E+00,7.15E+03
0.00E+00,2.00E+01,9.00E+00,0.00E+00,1.00E+00,0.00E+00,1.00E+00,0.00E+00,8.33E+03
0.00E+00,2.30E+01,1.00E+01,1.00E+00,0.00E+00,0.00E+00,1.00E+00,0.00E+00,0.00E+00
0.00E+00,3.80E+01,1.00E+01,1.00E+00,0.00E+00,0.00E+00,1.00E+00,0.00E+00,1.24E+04
0.00E+00,2.40E+01,1.10E+01,1.00E+00,0.00E+00,0.00E+00,1.00E+00,0.00E+00,0.00E+00
0.00E+00,1.90E+01,1.00E+01,0.00E+00,1.00E+00,0.00E+00,1.00E+00,1.20E+03,1.12E+04
0.00E+00,2.30E+01,1.10E+01,1.00E+00,0.00E+00,0.00E+00,1.00E+00,0.00E+00,5.09E+03
0.00E+00,2.00E+01,7.00E+00,0.00E+00,1.00E+00,0.00E+00,1.00E+00,0.00E+00,4.37E+03
0.00E+00,2.50E+01,1.00E+01,1.00E+00,0.00E+00,1.00E+00,1.00E+00,9.32E+03,0.00E+00
0.00E+00,2.10E+01,1.10E+01,1.00E+00,0.00E+00,0.00E+00,1.00E+00,0.00E+00,1.55E+03
0.00E+00,2.50E+01,1.00E+01,1.00E+00,0.00E+00,0.00E+00,1.00E+00,0.00E+00,0.00E+00
0.00E+00,2.20E+01,1.10E+01,1.00E+00,0.00E+00,1.00E+00,1.00E+00,0.00E+00,1.70E+03
0.00E+00,2.90E+01,9.00E+00,0.00E+00,1.00E+00,0.00E+00,1.00E+00,1.63E+04,1.69E+04
0.00E+00,2.10E+01,1.10E+01,1.00E+00,0.00E+00,0.00E+00,1.00E+00,1.86E+03,1.16E+04
0.00E+00,2.10E+01,7.00E+00,1.00E+00,0.00E+00,0.00E+00,1.00E+00,0.00E+00,1.10E+04
0.00E+00,2.30E+01,1.10E+01,1.00E+00,0.00E+00,0.00E+00,1.00E+00,0.00E+00,0.00E+00
0.00E+00,2.00E+01,1.20E+01,1.00E+00,0.00E+00,0.00E+00,0.00E+00,1.37E+03,2.09E+04
0.00E+00,2.10E+01,1.10E+01,0.00E+00,1.00E+00,0.00E+00,1.00E+00,8.92E+03,2.09E+04
0.00E+00,2.60E+01,1.20E+01,1.00E+00,0.00E+00,0.00E+00,0.00E+00,7.32E+03,4.68E+03
0.00E+00,2.40E+01,1.20E+01,0.00E+00,0.00E+00,0.00E+00,0.00E+00,0.00E+00,1.13E+04
0.00E+00,4.30E+01,1.00E+01,1.00E+00,0.00E+00,0.00E+00,1.00E+00,4.13E+03,7.57E+03
0.00E+00,3.10E+01,1.10E+01,1.00E+00,0.00E+00,0.00E+00,1.00E+00,1.73E+03,0.00E+00
0.00E+00,2.20E+01,1.10E+01,1.00E+00,0.00E+00,0.00E+00,1.00E+00,2.71E+03,1.01E+02
0.00E+00,2.90E+01,1.10E+01,1.00E+00,0.00E+00,0.00E+00,1.00E+00,0.00E+00,0.00E+00
0.00E+00,2.40E+01,1.10E+01,1.00E+00,0.00E+00,0.00E+00,1.00E+00,0.00E+00,1.46E+04
0.00E+00,2.20E+01,9.00E+00,1.00E+00,0.00E+00,0.00E+00,1.00E+00,0.00E+00,1.29E+04
0.00E+00,1.90E+01,1.10E+01,1.00E+00,0.00E+00,0.00E+00,1.00E+00,8.87E+03,7.40E+03
0.00E+00,2.80E+01,1.10E+01,1.00E+00,0.00E+00,0.00E+00,1.00E+00,0.00E+00,5.77E+03
0.00E+00,1.80E+01,1.00E+01,0.00E+00,1.00E+00,0.00E+00,1.00E+00,0.00E+00,6.53E+03
0.00E+00,1.80E+01,9.00E+00,1.00E+00,0.00E+00,0.00E+00,1.00E+00,2.14E+03,5.77E+03
0.00E+00,2.60E+01,1.00E+01,1.00E+00,0.00E+00,0.00E+00,1.00E+00,0.00E+00,3.93E+03
0.00E+00,2.50E+01,1.00E+01,1.00E+00,0.00E+00,0.00E+00,1.00E+00,0.00E+00,2.09E+04
0.00E+00,2.60E+01,1.20E+01,1.00E+00,0.00E+00,0.00E+00,0.00E+00,8.48E+03,1.08E+04
0.00E+00,2.30E+01,1.10E+01,1.00E+00,0.00E+00,0.00E+00,1.00E+00,2.99E+04,2.35E+04
0.00E+00,2.00E+01,8.00E+00,0.00E+00,1.00E+00,0.00E+00,1.00E+00,1.12E+03,1.17E+04
0.00E+00,2.40E+01,1.00E+01,1.00E+00,0.00E+00,0.00E+00,1.00E+00,0.00E+00,0.00E+00
0.00E+00,2.70E+01,1.30E+01,1.00E+00,0.00E+00,0.00E+00,0.00E+00,8.80E+03,1.65E+03
0.00E+00,2.60E+01,5.00E+00,1.00E+00,0.00E+00,0.00E+00,1.00E+00,0.00E+00,0.00E+00
0.00E+00,3.70E+01,1.00E+01,1.00E+00,0.00E+00,0.00E+00,1.00E+00,8.61E+03,0.00E+00
0.00E+00,3.60E+01,1.00E+01,1.00E+00,0.00E+00,0.00E+00,1.00E+00,0.00E+00,1.47E+04
0.00E+00,2.20E+01,1.10E+01,1.00E+00,0.00E+00,0.00E+00,1.00E+00,0.00E+00,0.00E+00
0.00E+00,2.20E+01,9.00E+00,1.00E+00,0.00E+00,0.00E+00,1.00E+00,5.06E+02,6.04E+02
0.00E+00,2.50E+01,1.20E+01,1.00E+00,0.00E+00,0.00E+00,0.00E+00,0.00E+00,3.42E+03
0.00E+00,2.20E+01,1.00E+01,1.00E+00,0.00E+00,0.00E+00,1.00E+00,1.77E+03,0.00E+00
0.00E+00,2.70E+01,1.10E+01,1.00E+00,0.00E+00,0.00E+00,1.00E+00,0.00E+00,1.12E+04
0.00E+00,2.90E+01,8.00E+00,1.00E+00,0.00E+00,0.00E+00,1.00E+00,0.00E+00,0.00E+00
0.00E+00,1.80E+01,9.00E+00,1.00E+00,0.00E+00,0.00E+00,1.00E+00,2.01E+03,6.55E+03
0.00E+00,2.40E+01,1.20E+01,1.00E+00,0.00E+00,0.00E+00,0.00E+00,0.00E+00,0.00E+00
0.00E+00,2.70E+01,9.00E+00,0.00E+00,1.00E+00,0.00E+00,1.00E+00,1.60E+03,6.72E+03
0.00E+00,1.90E+01,9.00E+00,1.00E+00,0.00E+00,0.00E+00,1.00E+00,9.02E+02,1.91E+03
0.00E+00,2.20E+01,1.00E+01,1.00E+00,0.00E+00,0.00E+00,1.00E+00,0.00E+00,0.00E+00
0.00E+00,2.90E+01,1.20E+01,1.00E+00,0.00E+00,0.00E+00,0.00E+00,1.36E+03,1.33E+02
0.00E+00,3.00E+01,1.10E+01,1.00E+00,0.00E+00,1.00E+00,1.00E+00,9.31E+03,3.98E+03
0.00E+00,2.20E+01,7.00E+00,1.00E+00,0.00E+00,0.00E+00,1.00E+00,1.35E+04,1.16E+04
0.00E+00,2.40E+01,7.00E+00,1.00E+00,0.00E+00,0.00E+00,1.00E+00,0.00E+00,1.46E+03
0.00E+00,2.90E+01,1.40E+01,1.00E+00,0.00E+00,0.00E+00,0.00E+00,3.36E+03,7.23E+03
0.00E+00,2.90E+01,1.20E+01,1.00E+00,0.00E+00,0.00E+00,0.00E+00,0.00E+00,1.89E+03
0.00E+00,2.20E+01,1.10E+01,1.00E+00,0.00E+00,0.00E+00,1.00E+00,1.32E+03,2.64E+03
0.00E+00,2.50E+01,1.10E+01,0.00E+00,1.00E+00,1.00E+00,1.00E+00,0.00E+00,4.49E+03
0.00E+00,3.00E+01,1.20E+01,1.00E+00,0.00E+00,0.00E+00,0.00E+00,0.00E+00,1.36E+04
0.00E+00,2.20E+01,8.00E+00,1.00E+00,0.00E+00,0.00E+00,1.00E+00,0.00E+00,1.39E+03
0.00E+00,5.50E+01,3.00E+00,1.00E+00,0.00E+00,0.00E+00,1.00E+00,0.00E+00,5.84E+03
0.00E+00,3.50E+01,1.00E+01,1.00E+00,0.00E+00,0.00E+00,1.00E+00,9.90E+03,9.45E+03
0.00E+00,2.00E+01,1.00E+01,1.00E+00,0.00E+00,0.00E+00,1.00E+00,0.00E+00,8.60E+03
0.00E+00,2.90E+01,9.00E+00,1.00E+00,0.00E+00,0.00E+00,1.00E+00,1.20E+03,9.38E+03
0.00E+00,2.00E+01,1.10E+01,1.00E+00,0.00E+00,0.00E+00,1.00E+00,3.47E+03,7.90E+03
0.00E+00,2.70E+01,9.00E+00,1.00E+00,0.00E+00,0.00E+00,1.00E+00,2.13E+03,0.00E+00
0.00E+00,2.80E+01,1.00E+01,1.00E+00,0.00E+00,1.00E+00,1.00E+00,6.45E+03,1.70E+04
0.00E+00,2.00E+01,1.10E+01,1.00E+00,0.00E+00,0.00E+00,1.00E+00,2.53E+03,0.00E+00
0.00E+00,2.60E+01,1.40E+01,1.00E+00,0.00E+00,1.00E+00,0.00E+00,2.03E+03,0.00E+00
0.00E+00,1.90E+01,8.00E+00,0.00E+00,1.00E+00,0.00E+00,1.00E+00,1.09E+03,2.99E+03
0.00E+00,3.40E+01,1.10E+01,1.00E+00,0.00E+00,0.00E+00,1.00E+00,0.00E+00,2.92E+03
0.00E+00,2.20E+01,1.20E+01,1.00E+00,0.00E+00,0.00E+00,0.00E+00,0.00E+00,0.00E+00
0.00E+00,3.20E+01,1.20E+01,0.00E+00,1.00E+00,1.00E+00,0.00E+00,0.00E+00,6.74E+03
0.00E+00,1.90E+01,1.10E+01,1.00E+00,0.00E+00,0.00E+00,1.00E+00,1.87E+03,0.00E+00
0.00E+00,3.10E+01,1.00E+01,1.00E+00,0.00E+00,0.00E+00,1.00E+00,0.00E+00,0.00E+00
0.00E+00,1.80E+01,9.00E+00,1.00E+00,0.00E+00,0.00E+00,1.00E+00,0.00E+00,0.00E+00
0.00E+00,2.80E+01,1.00E+01,1.00E+00,0.00E+00,0.00E+00,1.00E+00,4.48E+03,1.29E+02
0.00E+00,3.20E+01,1.20E+01,1.00E+00,0.00E+00,0.00E+00,0.00E+00,1.24E+04,1.07E+04
0.00E+00,5.00E+01,1.00E+01,0.00E+00,1.00E+00,0.00E+00,1.00E+00,0.00E+00,0.00E+00
0.00E+00,2.00E+01,1.20E+01,1.00E+00,0.00E+00,0.00E+00,0.00E+00,5.92E+02,4.16E+03
0.00E+00,2.50E+01,1.10E+01,1.00E+00,0.00E+00,1.00E+00,1.00E+00,0.00E+00,4.48E+01
0.00E+00,2.30E+01,1.00E+01,1.00E+00,0.00E+00,1.00E+00,1.00E+00,0.00E+00,0.00E+00
0.00E+00,2.10E+01,1.40E+01,1.00E+00,0.00E+00,0.00E+00,0.00E+00,5.93E+03,2.94E+04
0.00E+00,3.80E+01,1.00E+01,1.00E+00,0.00E+00,0.00E+00,1.00E+00,0.00E+00,0.00E+00
0.00E+00,2.50E+01,7.00E+00,0.00E+00,1.00E+00,0.00E+00,1.00E+00,1.18E+03,9.72E+03
0.00E+00,2.50E+01,1.00E+01,1.00E+00,0.00E+00,1.00E+00,1.00E+00,0.00E+00,3.70E+03
0.00E+00,2.90E+01,1.20E+01,1.00E+00,0.00E+00,0.00E+00,0.00E+00,2.08E+03,1.70E+04
0.00E+00,4.20E+01,1.00E+01,1.00E+00,0.00E+00,0.00E+00,1.00E+00,0.00E+00,6.93E+03
0.00E+00,3.90E+01,1.20E+01,1.00E+00,0.00E+00,1.00E+00,0.00E+00,0.00E+00,3.80E+03
0.00E+00,2.70E+01,1.10E+01,1.00E+00,0.00E+00,1.00E+00,1.00E+00,2.00E+04,9.07E+03
0.00E+00,3.40E+01,1.30E+01,1.00E+00,0.00E+00,1.00E+00,0.00E+00,0.00E+00,5.19E+03
0.00E+00,2.50E+01,1.10E+01,1.00E+00,0.00E+00,1.00E+00,1.00E+00,3.27E+03,4.79E+02
0.00E+00,2.80E+01,1.00E+01,1.00E+00,0.00E+00,0.00E+00,1.00E+00,1.01E+04,0.00E+00
0.00E+00,2.40E+01,7.00E+00,1.00E+00,0.00E+00,0.00E+00,1.00E+00,0.00E+00,2.19E+03
0.00E+00,3.20E+01,1.10E+01,1.00E+00,0.00E+00,0.00E+00,1.00E+00,0.00E+00,1.11E+04
0.00E+00,2.70E+01,1.30E+01,1.00E+00,0.00E+00,0.00E+00,0.00E+00,0.00E+00,7.61E+03
0.00E+00,2.00E+01,1.20E+01,1.00E+00,0.00E+00,0.00E+00,0.00E+00,4.93E+03,6.09E+03
0.00E+00,2.90E+01,1.30E+01,1.00E+00,0.00E+00,0.00E+00,0.00E+00,2.27E+03,2.73E+03
0.00E+00,2.60E+01,1.00E+01,1.00E+00,0.00E+00,0.00E+00,1.00E+00,0.00E+00,2.17E+03
0.00E+00,4.40E+01,1.10E+01,1.00E+00,0.00E+00,0.00E+00,1.00E+00,0.00E+00,0.00E+00
0.00E+00,2.40E+01,9.00E+00,1.00E+00,0.00E+00,0.00E+00,1.00E+00,4.12E+03,5.97E+02
0.00E+00,2.80E+01,1.00E+01,0.00E+00,0.00E+00,1.00E+00,1.00E+00,6.35E+03,6.79E+03
0.00E+00,2.40E+01,1.10E+01,1.00E+00,0.00E+00,0.00E+00,1.00E+00,1.33E+03,9.50E+03
0.00E+00,2.50E+01,1.10E+01,1.00E+00,0.00E+00,0.00E+00,1.00E+00,0.00E+00,1.26E+03
0.00E+00,2.50E+01,8.00E+00,1.00E+00,0.00E+00,1.00E+00,1.00E+00,5.16E+02,1.43E+04
0.00E+00,2.30E+01,1.10E+01,1.00E+00,0.00E+00,0.00E+00,1.00E+00,5.72E+03,1.03E+04
0.00E+00,2.00E+01,1.10E+01,1.00E+00,0.00E+00,0.00E+00,1.00E+00,1.65E+03,2.79E+02
0.00E+00,2.40E+01,1.20E+01,1.00E+00,0.00E+00,0.00E+00,0.00E+00,8.10E+03,1.12E+04
0.00E+00,2.00E+01,1.10E+01,0.00E+00,0.00E+00,1.00E+00,1.00E+00,8.16E+03,6.34E+03
0.00E+00,2.50E+01,1.20E+01,1.00E+00,0.00E+00,0.00E+00,0.00E+00,0.00E+00,0.00E+00
0.00E+00,2.80E+01,1.10E+01,1.00E+00,0.00E+00,0.00E+00,1.00E+00,8.63E+02,0.00E+00
0.00E+00,2.80E+01,1.20E+01,1.00E+00,0.00E+00,1.00E+00,0.00E+00,0.00E+00,0.00E+00
0.00E+00,2.10E+01,1.20E+01,0.00E+00,0.00E+00,0.00E+00,0.00E+00,5.44E+03,1.15E+04
0.00E+00,2.40E+01,1.10E+01,0.00E+00,0.00E+00,0.00E+00,1.00E+00,1.47E+03,1.04E+04
0.00E+00,3.20E+01,1.00E+01,1.00E+00,0.00E+00,0.00E+00,1.00E+00,0.00E+00,0.00E+00
0.00E+00,2.10E+01,1.00E+01,1.00E+00,0.00E+00,1.00E+00,1.00E+00,1.79E+03,6.83E+03
0.00E+00,2.10E+01,8.00E+00,1.00E+00,0.00E+00,0.00E+00,1.00E+00,6.61E+03,3.08E+03
0.00E+00,2.50E+01,1.00E+01,1.00E+00,0.00E+00,1.00E+00,1.00E+00,1.17E+04,1.11E+04
0.00E+00,2.20E+01,1.00E+01,0.00E+00,0.00E+00,1.00E+00,1.00E+00,2.30E+04,5.45E+03
0.00E+00,2.20E+01,1.00E+01,1.00E+00,0.00E+00,0.00E+00,1.00E+00,0.00E+00,0.00E+00
0.00E+00,1.90E+01,9.00E+00,1.00E+00,0.00E+00,0.00E+00,1.00E+00,0.00E+00,5.71E+03
0.00E+00,3.10E+01,1.00E+01,1.00E+00,0.00E+00,1.00E+00,1.00E+00,0.00E+00,0.00E+00
0.00E+00,2.30E+01,1.10E+01,1.00E+00,0.00E+00,0.00E+00,1.00E+00,0.00E+00,0.00E+00
0.00E+00,2.20E+01,1.10E+01,1.00E+00,0.00E+00,0.00E+00,1.00E+00,8.75E+02,9.14E+03
0.00E+00,3.30E+01,1.10E+01,1.00E+00,0.00E+00,0.00E+00,1.00E+00,0.00E+00,0.00E+00
0.00E+00,2.70E+01,1.00E+01,1.00E+00,0.00E+00,0.00E+00,1.00E+00,0.00E+00,1.18E+03
0.00E+00,2.90E+01,1.10E+01,1.00E+00,0.00E+00,1.00E+00,1.00E+00,0.00E+00,1.02E+04
0.00E+00,3.80E+01,1.00E+01,1.00E+00,0.00E+00,1.00E+00,1.00E+00,1.47E+04,4.39E+03
0.00E+00,2.00E+01,6.00E+00,1.00E+00,0.00E+00,0.00E+00,1.00E+00,2.85E+03,0.00E+00
0.00E+00,2.30E+01,1.00E+01,1.00E+00,0.00E+00,0.00E+00,1.00E+00,0.00E+00,0.00E+00
0.00E+00,2.90E+01,1.10E+01,1.00E+00,0.00E+00,0.00E+00,1.00E+00,3.26E+03,3.29E+03
0.00E+00,2.60E+01,9.00E+00,1.00E+00,0.00E+00,0.00E+00,1.00E+00,6.96E+03,1.19E+04
0.00E+00,2.50E+01,9.00E+00,1.00E+00,0.00E+00,1.00E+00,1.00E+00,0.00E+00,4.72E+03
0.00E+00,2.40E+01,1.10E+01,1.00E+00,0.00E+00,0.00E+00,1.00E+00,1.34E+04,1.95E+04
0.00E+00,2.50E+01,1.00E+01,1.00E+00,0.00E+00,0.00E+00,1.00E+00,0.00E+00,2.90E+02
0.00E+00,2.30E+01,1.10E+01,0.00E+00,0.00E+00,0.00E+00,1.00E+00,2.00E+04,1.29E+04
0.00E+00,2.50E+01,1.30E+01,1.00E+00,0.00E+00,0.00E+00,0.00E+00,3.75E+03,1.67E+03
0.00E+00,2.00E+01,9.00E+00,1.00E+00,0.00E+00,0.00E+00,1.00E+00,9.16E+03,8.92E+03
0.00E+00,2.50E+01,1.10E+01,1.00E+00,0.00E+00,0.00E+00,1.00E+00,3.07E+03,2.85E+02
0.00E+00,2.90E+01,1.20E+01,0.00E+00,0.00E+00,0.00E+00,0.00E+00,1.22E+04,1.63E+04
0.00E+00,2.50E+01,9.00E+00,1.00E+00,0.00E+00,1.00E+00,1.00E+00,1.69E+04,7.34E+03
0.00E+00,2.30E+01,1.10E+01,1.00E+00,0.00E+00,0.00E+00,1.00E+00,5.81E+02,0.00E+00
0.00E+00,4.40E+01,9.00E+00,1.00E+00,0.00E+00,1.00E+00,1.00E+00,1.09E+04,1.24E+04
0.00E+00,2.20E+01,1.20E+01,1.00E+00,0.00E+00,1.00E+00,0.00E+00,9.35E+03,8.07E+03
0.00E+00,2.00E+01,1.10E+01,0.00E+00,0.00E+00,0.00E+00,1.00E+00,1.16E+03,0.00E+00
0.00E+00,3.60E+01,1.10E+01,1.00E+00,0.00E+00,0.00E+00,1.00E+00,7.31E+03,0.00E+00
0.00E+00,2.40E+01,1.00E+01,1.00E+00,0.00E+00,0.00E+00,1.00E+00,0.00E+00,0.00E+00
0.00E+00,2.80E+01,8.00E+00,0.00E+00,0.00E+00,0.00E+00,1.00E+00,0.00E+00,8.19E+03
0.00E+00,3.90E+01,1.10E+01,1.00E+00,0.00E+00,0.00E+00,1.00E+00,8.37E+01,0.00E+00
0.00E+00,2.70E+01,1.20E+01,0.00E+00,1.00E+00,0.00E+00,0.00E+00,2.43E+04,1.58E+04
0.00E+00,3.10E+01,1.00E+01,1.00E+00,0.00E+00,0.00E+00,1.00E+00,5.20E+02,1.45E+04
0.00E+00,2.60E+01,6.00E+00,1.00E+00,0.00E+00,0.00E+00,1.00E+00,0.00E+00,4.81E+03
0.00E+00,3.00E+01,1.10E+01,1.00E+00,0.00E+00,1.00E+00,1.00E+00,2.41E+04,7.26E+03
0.00E+00,3.10E+01,8.00E+00,1.00E+00,0.00E+00,0.00E+00,1.00E+00,4.58E+03,6.15E+03
0.00E+00,2.60E+01,8.00E+00,1.00E+00,0.00E+00,0.00E+00,1.00E+00,5.56E+03,3.52E+03
0.00E+00,2.60E+01,1.00E+01,1.00E+00,0.00E+00,1.00E+00,1.00E+00,9.11E+03,1.27E+04
0.00E+00,2.40E+01,1.20E+01,1.00E+00,0.00E+00,0.00E+00,0.00E+00,1.60E+02,0.00E+00
0.00E+00,2.50E+01,1.10E+01,1.00E+00,0.00E+00,0.00E+00,1.00E+00,2.46E+03,8.76E+03
0.00E+00,2.90E+01,9.00E+00,1.00E+00,0.00E+00,0.00E+00,1.00E+00,9.16E+03,0.00E+00
0.00E+00,3.00E+01,1.40E+01,1.00E+00,0.00E+00,1.00E+00,0.00E+00,0.00E+00,7.34E+03
0.00E+00,2.50E+01,1.00E+01,1.00E+00,0.00E+00,1.00E+00,1.00E+00,0.00E+00,0.00E+00
0.00E+00,4.10E+01,1.20E+01,1.00E+00,0.00E+00,0.00E+00,0.00E+00,9.82E+03,0.00E+00
0.00E+00,2.90E+01,1.10E+01,1.00E+00,0.00E+00,1.00E+00,1.00E+00,0.00E+00,0.00E+00
0.00E+00,2.50E+01,1.20E+01,1.00E+00,0.00E+00,1.00E+00,0.00E+00,0.00E+00,0.00E+00
0.00E+00,2.80E+01,1.30E+01,1.00E+00,0.00E+00,0.00E+00,0.00E+00,0.00E+00,0.00E+00
0.00E+00,2.30E+01,1.10E+01,1.00E+00,0.00E+00,0.00E+00,1.00E+00,0.00E+00,4.35E+03
0.00E+00,5.40E+01,1.10E+01,1.00E+00,0.00E+00,0.00E+00,1.00E+00,0.00E+00,7.81E+03
0.00E+00,3.30E+01,5.00E+00,0.00E+00,1.00E+00,0.00E+00,1.00E+00,0.00E+00,0.00E+00
0.00E+00,3.10E+01,1.20E+01,0.00E+00,0.00E+00,0.00E+00,0.00E+00,4.95E+02,0.00E+00
0.00E+00,3.40E+01,1.20E+01,1.00E+00,0.00E+00,0.00E+00,0.00E+00,4.09E+03,5.67E+03
0.00E+00,5.00E+01,8.00E+00,1.00E+00,0.00E+00,1.00E+00,1.00E+00,5.63E+03,9.00E+03
0.00E+00,3.10E+01,1.10E+01,1.00E+00,0.00E+00,0.00E+00,1.00E+00,7.51E+03,3.08E+02
0.00E+00,3.60E+01,1.20E+01,0.00E+00,1.00E+00,0.00E+00,0.00E+00,1.15E+04,4.98E+03
0.00E+00,2.00E+01,8.00E+00,1.00E+00,0.00E+00,0.00E+00,1.00E+00,0.00E+00,3.64E+03
0.00E+00,2.40E+01,1.20E+01,0.00E+00,0.00E+00,1.00E+00,0.00E+00,2.43E+04,6.66E+02
0.00E+00,2.30E+01,1.20E+01,0.00E+00,1.00E+00,0.00E+00,0.00E+00,8.96E+03,7.08E+03
0.00E+00,2.60E+01,1.30E+01,0.00E+00,0.00E+00,0.00E+00,0.00E+00,5.40E+03,9.77E+03
0.00E+00,2.80E+01,1.10E+01,0.00E+00,0.00E+00,0.00E+00,1.00E+00,3.20E+03,7.65E+03
0.00E+00,4.50E+01,9.00E+00,1.00E+00,0.00E+00,0.00E+00,1.00E+00,0.00E+00,4.84E+03
0.00E+00,2.30E+01,1.00E+01,1.00E+00,0.00E+00,1.00E+00,1.00E+00,9.85E+03,0.00E+00
0.00E+00,2.80E+01,1.10E+01,1.00E+00,0.00E+00,0.00E+00,1.00E+00,1.34E+04,0.00E+00
0.00E+00,2.60E+01,1.10E+01,1.00E+00,0.00E+00,1.00E+00,1.00E+00,4.18E+03,0.00E+00
0.00E+00,2.20E+01,1.00E+01,1.00E+00,0.00E+00,0.00E+00,1.00E+00,2.17E+03,5.34E+03
0.00E+00,2.70E+01,1.30E+01,0.00E+00,0.00E+00,0.00E+00,0.00E+00,4.75E+02,4.81E+03
0.00E+00,2.70E+01,1.20E+01,0.00E+00,1.00E+00,0.00E+00,0.00E+00,2.68E+03,1.74E+04
0.00E+00,3.90E+01,6.00E+00,1.00E+00,0.00E+00,0.00E+00,1.00E+00,0.00E+00,0.00E+00
0.00E+00,2.50E+01,1.10E+01,1.00E+00,0.00E+00,0.00E+00,1.00E+00,0.00E+00,0.00E+00
0.00E+00,3.10E+01,1.10E+01,1.00E+00,0.00E+00,0.00E+00,1.00E+00,1.83E+04,0.00E+00
0.00E+00,2.20E+01,1.20E+01,1.00E+00,0.00E+00,0.00E+00,0.00E+00,2.00E+03,4.40E+02
0.00E+00,2.20E+01,1.00E+01,1.00E+00,0.00E+00,0.00E+00,1.00E+00,1.37E+04,1.08E+04
0.00E+00,2.80E+01,1.00E+01,1.00E+00,0.00E+00,0.00E+00,1.00E+00,3.68E+02,4.86E+03
0.00E+00,3.10E+01,1.10E+01,1.00E+00,0.00E+00,0.00E+00,1.00E+00,6.38E+03,0.00E+00
0.00E+00,2.70E+01,1.00E+01,1.00E+00,0.00E+00,1.00E+00,1.00E+00,1.13E+04,0.00E+00
0.00E+00,2.80E+01,1.10E+01,1.00E+00,0.00E+00,1.00E+00,1.00E+00,5.39E+03,4.97E+03
0.00E+00,2.60E+01,1.20E+01,1.00E+00,0.00E+00,0.00E+00,0.00E+00,0.00E+00,0.00E+00
0.00E+00,2.70E+01,1.20E+01,1.00E+00,0.00E+00,0.00E+00,0.00E+00,3.30E+04,1.08E+04
0.00E+00,2.70E+01,1.20E+01,0.00E+00,0.00E+00,0.00E+00,0.00E+00,5.04E+03,0.00E+00
0.00E+00,3.60E+01,1.20E+01,1.00E+00,0.00E+00,0.00E+00,0.00E+00,1.42E+02,0.00E+00
0.00E+00,2.60E+01,8.00E+00,1.00E+00,0.00E+00,1.00E+00,1.00E+00,4.08E+03,0.00E+00
0.00E+00,2.30E+01,9.00E+00,1.00E+00,0.00E+00,1.00E+00,1.00E+00,1.93E+04,7.60E+03
0.00E+00,2.30E+01,1.00E+01,1.00E+00,0.00E+00,0.00E+00,1.00E+00,0.00E+00,0.00E+00
0.00E+00,3.10E+01,1.20E+01,1.00E+00,0.00E+00,0.00E+00,0.00E+00,5.61E+03,0.00E+00
0.00E+00,3.60E+01,7.00E+00,1.00E+00,0.00E+00,0.00E+00,1.00E+00,1.61E+03,2.08E+04
0.00E+00,3.90E+01,1.20E+01,1.00E+00,0.00E+00,1.00E+00,0.00E+00,6.61E+03,4.99E+02
0.00E+00,3.50E+01,1.10E+01,1.00E+00,0.00E+00,1.00E+00,1.00E+00,8.72E+03,0.00E+00
0.00E+00,2.10E+01,9.00E+00,0.00E+00,0.00E+00,0.00E+00,1.00E+00,1.58E+03,1.74E+03
0.00E+00,3.60E+01,1.10E+01,0.00E+00,1.00E+00,0.00E+00,1.00E+00,3.06E+03,1.32E+03
0.00E+00,2.70E+01,1.20E+01,0.00E+00,0.00E+00,0.00E+00,0.00E+00,0.00E+00,1.48E+04
0.00E+00,2.60E+01,1.10E+01,1.00E+00,0.00E+00,0.00E+00,1.00E+00,1.17E+03,6.67E+03
0.00E+00,2.80E+01,9.00E+00,1.00E+00,0.00E+00,1.00E+00,1.00E+00,9.21E+03,1.24E+03
0.00E+00,3.30E+01,9.00E+00,0.00E+00,1.00E+00,1.00E+00,1.00E+00,0.00E+00,0.00E+00
0.00E+00,2.80E+01,1.10E+01,1.00E+00,0.00E+00,1.00E+00,1.00E+00,1.00E+04,0.00E+00
0.00E+00,2.20E+01,1.10E+01,1.00E+00,0.00E+00,0.00E+00,1.00E+00,6.97E+03,3.71E+03
0.00E+00,2.50E+01,1.10E+01,1.00E+00,0.00E+00,0.00E+00,1.00E+00,4.28E+03,4.12E+03
0.00E+00,2.50E+01,1.00E+01,1.00E+00,0.00E+00,1.00E+00,1.00E+00,0.00E+00,0.00E+00
0.00E+00,2.70E+01,1.10E+01,1.00E+00,0.00E+00,0.00E+00,1.00E+00,7.66E+02,0.00E+00
0.00E+00,2.60E+01,8.00E+00,0.00E+00,0.00E+00,1.00E+00,1.00E+00,3.69E+04,3.02E+04
0.00E+00,2.80E+01,1.20E+01,1.00E+00,0.00E+00,1.00E+00,0.00E+00,5.55E+03,1.28E+04
0.00E+00,2.50E+01,1.00E+01,0.00E+00,0.00E+00,0.00E+00,1.00E+00,8.14E+03,3.41E+03
0.00E+00,2.20E+01,1.00E+01,0.00E+00,0.00E+00,0.00E+00,1.00E+00,1.06E+04,7.09E+03
0.00E+00,2.30E+01,8.00E+00,1.00E+00,0.00E+00,0.00E+00,1.00E+00,0.00E+00,3.75E+03
0.00E+00,2.00E+01,1.20E+01,0.00E+00,0.00E+00,0.00E+00,0.00E+00,3.10E+03,1.26E+04
0.00E+00,1.90E+01,1.10E+01,1.00E+00,0.00E+00,0.00E+00,1.00E+00,3.29E+03,1.12E+04
0.00E+00,1.70E+01,9.00E+00,0.00E+00,1.00E+00,0.00E+00,1.00E+00,6.71E+02,4.21E+03
0.00E+00,1.90E+01,1.10E+01,1.00E+00,0.00E+00,0.00E+00,1.00E+00,5.16E+03,0.00E+00
0.00E+00,1.80E+01,1.10E+01,1.00E+00,0.00E+00,0.00E+00,1.00E+00,4.15E+03,4.16E+03
0.00E+00,1.70E+01,1.00E+01,0.00E+00,1.00E+00,0.00E+00,1.00E+00,1.24E+03,5.09E+03
0.00E+00,2.00E+01,1.10E+01,1.00E+00,0.00E+00,0.00E+00,1.00E+00,3.25E+03,6.03E+03
0.00E+00,1.80E+01,8.00E+00,1.00E+00,0.00E+00,0.00E+00,1.00E+00,0.00E+00,1.57E+03
0.00E+00,2.00E+01,1.00E+01,1.00E+00,0.00E+00,0.00E+00,1.00E+00,3.68E+03,5.58E+02
0.00E+00,1.80E+01,1.10E+01,1.00E+00,0.00E+00,0.00E+00,1.00E+00,2.04E+03,7.97E+02
0.00E+00,1.90E+01,1.00E+01,0.00E+00,1.00E+00,0.00E+00,1.00E+00,2.28E+03,4.34E+03
0.00E+00,1.70E+01,8.00E+00,1.00E+00,0.00E+00,0.00E+00,1.00E+00,0.00E+00,7.01E+03
0.00E+00,1.70E+01,1.00E+01,0.00E+00,1.00E+00,0.00E+00,1.00E+00,1.73E+03,6.35E+03
0.00E+00,1.80E+01,1.00E+01,1.00E+00,0.00E+00,0.00E+00,1.00E+00,2.68E+03,0.00E+00
0.00E+00,1.80E+01,1.00E+01,1.00E+00,0.00E+00,0.00E+00,1.00E+00,2.40E+02,2.89E+03
0.00E+00,1.90E+01,1.10E+01,0.00E+00,1.00E+00,1.00E+00,1.00E+00,3.08E+02,0.00E+00
0.00E+00,1.80E+01,1.10E+01,1.00E+00,0.00E+00,0.00E+00,1.00E+00,8.78E+03,1.82E+03
0.00E+00,1.90E+01,1.10E+01,1.00E+00,0.00E+00,0.00E+00,1.00E+00,1.62E+03,8.82E+03
0.00E+00,1.90E+01,1.00E+01,1.00E+00,0.00E+00,0.00E+00,1.00E+00,9.64E+02,7.05E+03
0.00E+00,1.90E+01,9.00E+00,0.00E+00,1.00E+00,0.00E+00,1.00E+00,0.00E+00,3.81E+03
0.00E+00,1.80E+01,1.00E+01,1.00E+00,0.00E+00,0.00E+00,1.00E+00,1.64E+03,0.00E+00
0.00E+00,1.80E+01,1.00E+01,1.00E+00,0.00E+00,0.00E+00,1.00E+00,0.00E+00,9.60E+03
0.00E+00,1.70E+01,1.10E+01,1.00E+00,0.00E+00,0.00E+00,1.00E+00,3.80E+03,0.00E+00
0.00E+00,1.80E+01,6.00E+00,0.00E+00,1.00E+00,0.00E+00,1.00E+00,6.14E+03,3.83E+03
0.00E+00,1.90E+01,1.10E+01,1.00E+00,0.00E+00,0.00E+00,1.00E+00,2.45E+03,9.77E+03
0.00E+00,1.80E+01,8.00E+00,0.00E+00,1.00E+00,0.00E+00,1.00E+00,0.00E+00,1.08E+04
0.00E+00,1.80E+01,1.10E+01,1.00E+00,0.00E+00,0.00E+00,1.00E+00,0.00E+00,4.66E+03
0.00E+00,1.70E+01,1.10E+01,1.00E+00,0.00E+00,0.00E+00,1.00E+00,0.00E+00,8.55E+03
0.00E+00,1.90E+01,1.00E+01,1.00E+00,0.00E+00,0.00E+00,1.00E+00,0.00E+00,4.31E+03
0.00E+00,1.90E+01,1.00E+01,1.00E+00,0.00E+00,0.00E+00,1.00E+00,0.00E+00,5.29E+03
0.00E+00,1.80E+01,9.00E+00,1.00E+00,0.00E+00,0.00E+00,1.00E+00,0.00E+00,1.25E+04
0.00E+00,1.80E+01,1.00E+01,1.00E+00,0.00E+00,0.00E+00,1.00E+00,2.29E+03,3.27E+03
0.00E+00,1.80E+01,1.10E+01,1.00E+00,0.00E+00,0.00E+00,1.00E+00,2.29E+03,4.99E+03
0.00E+00,1.80E+01,1.00E+01,1.00E+00,0.00E+00,0.00E+00,1.00E+00,2.74E+02,5.51E+03
0.00E+00,1.80E+01,9.00E+00,0.00E+00,1.00E+00,0.00E+00,1.00E+00,2.68E+03,2.98E+03
0.00E+00,1.80E+01,9.00E+00,1.00E+00,0.00E+00,0.00E+00,1.00E+00,0.00E+00,1.09E+04
0.00E+00,1.80E+01,1.20E+01,1.00E+00,0.00E+00,0.00E+00,0.00E+00,1.41E+03,0.00E+00
0.00E+00,1.80E+01,9.00E+00,0.00E+00,1.00E+00,0.00E+00,1.00E+00,1.65E+03,1.07E+03
0.00E+00,1.90E+01,1.10E+01,1.00E+00,0.00E+00,0.00E+00,1.00E+00,3.94E+02,2.48E+03
0.00E+00,1.80E+01,7.00E+00,0.00E+00,1.00E+00,1.00E+00,1.00E+00,2.67E+03,6.33E+03
0.00E+00,1.90E+01,1.10E+01,0.00E+00,0.00E+00,0.00E+00,1.00E+00,8.23E+02,2.65E+03
0.00E+00,1.80E+01,8.00E+00,0.00E+00,1.00E+00,0.00E+00,1.00E+00,2.48E+03,1.11E+04
0.00E+00,1.70E+01,8.00E+00,1.00E+00,0.00E+00,0.00E+00,1.00E+00,1.18E+03,1.44E+04
0.00E+00,1.80E+01,1.00E+01,1.00E+00,0.00E+00,0.00E+00,1.00E+00,0.00E+00,2.02E+02
0.00E+00,1.70E+01,1.00E+01,1.00E+00,0.00E+00,0.00E+00,1.00E+00,1.73E+03,1.11E+04
0.00E+00,1.70E+01,1.00E+01,1.00E+00,0.00E+00,0.00E+00,1.00E+00,6.65E+02,0.00E+00
0.00E+00,2.00E+01,1.00E+01,1.00E+00,0.00E+00,0.00E+00,1.00E+00,6.90E+02,1.09E+04
0.00E+00,1.80E+01,1.00E+01,1.00E+00,0.00E+00,0.00E+00,1.00E+00,1.43E+03,1.16E+04
0.00E+00,1.90E+01,1.10E+01,1.00E+00,0.00E+00,0.00E+00,1.00E+00,7.05E+02,0.00E+00
0.00E+00,1.70E+01,1.00E+01,1.00E+00,0.00E+00,0.00E+00,1.00E+00,0.00E+00,2.66E+03
0.00E+00,1.80E+01,7.00E+00,1.00E+00,0.00E+00,0.00E+00,1.00E+00,0.00E+00,4.13E+03
0.00E+00,1.80E+01,1.10E+01,1.00E+00,0.00E+00,0.00E+00,1.00E+00,0.00E+00,1.13E+04
0.00E+00,2.00E+01,9.00E+00,1.00E+00,0.00E+00,0.00E+00,1.00E+00,2.48E+03,0.00E+00
0.00E+00,1.90E+01,1.00E+01,0.00E+00,1.00E+00,0.00E+00,1.00E+00,0.00E+00,0.00E+00
0.00E+00,1.80E+01,9.00E+00,1.00E+00,0.00E+00,0.00E+00,1.00E+00,0.00E+00,0.00E+00
0.00E+00,1.70E+01,1.00E+01,1.00E+00,0.00E+00,0.00E+00,1.00E+00,0.00E+00,0.00E+00
0.00E+00,1.70E+01,1.10E+01,1.00E+00,0.00E+00,0.00E+00,1.00E+00,1.16E+03,6.37E+03
0.00E+00,1.70E+01,1.00E+01,1.00E+00,0.00E+00,0.00E+00,1.00E+00,0.00E+00,2.19E+03
0.00E+00,1.80E+01,9.00E+00,1.00E+00,0.00E+00,0.00E+00,1.00E+00,4.90E+02,3.48E+03
0.00E+00,1.90E+01,1.10E+01,1.00E+00,0.00E+00,0.00E+00,1.00E+00,0.00E+00,0.00E+00
0.00E+00,1.70E+01,8.00E+00,0.00E+00,0.00E+00,0.00E+00,1.00E+00,0.00E+00,1.02E+04
0.00E+00,1.80E+01,1.00E+01,1.00E+00,0.00E+00,0.00E+00,1.00E+00,0.00E+00,1.10E+04
0.00E+00,1.80E+01,9.00E+00,1.00E+00,0.00E+00,0.00E+00,1.00E+00,0.00E+00,0.00E+00
0.00E+00,1.70E+01,9.00E+00,1.00E+00,0.00E+00,0.00E+00,1.00E+00,2.60E+03,0.00E+00
0.00E+00,1.70E+01,8.00E+00,1.00E+00,0.00E+00,0.00E+00,1.00E+00,0.00E+00,8.99E+03
0.00E+00,1.70E+01,8.00E+00,1.00E+00,0.00E+00,0.00E+00,1.00E+00,2.04E+03,0.00E+00
0.00E+00,1.90E+01,9.00E+00,0.00E+00,1.00E+00,0.00E+00,1.00E+00,2.75E+03,1.56E+04
0.00E+00,1.70E+01,9.00E+00,1.00E+00,0.00E+00,0.00E+00,1.00E+00,6.21E+02,1.81E+04
0.00E+00,1.90E+01,1.00E+01,1.00E+00,0.00E+00,0.00E+00,1.00E+00,1.43E+03,4.69E+03
0.00E+00,1.90E+01,6.00E+00,0.00E+00,1.00E+00,0.00E+00,1.00E+00,0.00E+00,5.07E+03
0.00E+00,2.00E+01,1.10E+01,1.00E+00,0.00E+00,0.00E+00,1.00E+00,1.63E+03,1.31E+03
0.00E+00,1.90E+01,1.00E+01,0.00E+00,0.00E+00,0.00E+00,1.00E+00,0.00E+00,3.19E+03
0.00E+00,1.70E+01,1.10E+01,0.00E+00,0.00E+00,0.00E+00,1.00E+00,0.00E+00,0.00E+00
0.00E+00,1.80E+01,9.00E+00,0.00E+00,0.00E+00,0.00E+00,1.00E+00,5.60E+02,7.30E+03
0.00E+00,2.00E+01,1.10E+01,1.00E+00,0.00E+00,0.00E+00,1.00E+00,7.67E+03,7.66E+03
0.00E+00,2.00E+01,1.00E+01,1.00E+00,0.00E+00,0.00E+00,1.00E+00,2.86E+03,1.83E+04
0.00E+00,2.00E+01,9.00E+00,1.00E+00,0.00E+00,0.00E+00,1.00E+00,0.00E+00,5.19E+03
0.00E+00,1.90E+01,9.00E+00,1.00E+00,0.00E+00,0.00E+00,1.00E+00,2.64E+03,2.65E+03
0.00E+00,1.80E+01,1.00E+01,1.00E+00,0.00E+00,0.00E+00,1.00E+00,2.46E+03,1.37E+04
0.00E+00,1.90E+01,1.10E+01,1.00E+00,0.00E+00,0.00E+00,1.00E+00,4.50E+03,0.00E+00
0.00E+00,1.70E+01,9.00E+00,1.00E+00,0.00E+00,0.00E+00,1.00E+00,0.00E+00,0.00E+00
0.00E+00,1.80E+01,9.00E+00,1.00E+00,0.00E+00,0.00E+00,1.00E+00,1.41E+03,3.48E+03
0.00E+00,1.70E+01,1.10E+01,1.00E+00,0.00E+00,0.00E+00,1.00E+00,1.65E+02,4.25E+03
0.00E+00,1.70E+01,1.00E+01,1.00E+00,0.00E+00,0.00E+00,1.00E+00,0.00E+00,2.76E+02
0.00E+00,1.90E+01,1.00E+01,1.00E+00,0.00E+00,0.00E+00,1.00E+00,6.04E+02,0.00E+00
0.00E+00,1.70E+01,1.00E+01,0.00E+00,1.00E+00,0.00E+00,1.00E+00,1.17E+03,1.13E+04
0.00E+00,2.00E+01,9.00E+00,1.00E+00,0.00E+00,0.00E+00,1.00E+00,9.69E+03,8.56E+03
0.00E+00,1.70E+01,9.00E+00,1.00E+00,0.00E+00,0.00E+00,1.00E+00,0.00E+00,3.59E+03
0.00E+00,1.90E+01,1.10E+01,1.00E+00,0.00E+00,0.00E+00,1.00E+00,0.00E+00,0.00E+00
0.00E+00,1.70E+01,1.00E+01,0.00E+00,0.00E+00,0.00E+00,1.00E+00,2.47E+03,4.21E+03
0.00E+00,1.90E+01,1.00E+01,1.00E+00,0.00E+00,1.00E+00,1.00E+00,0.00E+00,1.28E+04
0.00E+00,2.00E+01,9.00E+00,1.00E+00,0.00E+00,0.00E+00,1.00E+00,0.00E+00,2.04E+03
0.00E+00,1.80E+01,1.10E+01,1.00E+00,0.00E+00,0.00E+00,1.00E+00,1.17E+03,6.04E+02
0.00E+00,1.80E+01,1.00E+01,0.00E+00,1.00E+00,1.00E+00,1.00E+00,1.92E+03,4.77E+03
0.00E+00,1.80E+01,9.00E+00,1.00E+00,0.00E+00,0.00E+00,1.00E+00,0.00E+00,2.39E+03
0.00E+00,1.80E+01,1.10E+01,1.00E+00,0.00E+00,0.00E+00,1.00E+00,0.00E+00,0.00E+00
0.00E+00,2.00E+01,1.00E+01,1.00E+00,0.00E+00,0.00E+00,1.00E+00,2.75E+03,6.87E+03
0.00E+00,1.70E+01,1.00E+01,0.00E+00,1.00E+00,0.00E+00,1.00E+00,0.00E+00,8.47E+03
0.00E+00,1.90E+01,1.10E+01,1.00E+00,0.00E+00,0.00E+00,1.00E+00,0.00E+00,0.00E+00
0.00E+00,1.90E+01,9.00E+00,1.00E+00,0.00E+00,0.00E+00,1.00E+00,1.54E+03,4.19E+03
0.00E+00,1.70E+01,1.00E+01,1.00E+00,0.00E+00,0.00E+00,1.00E+00,0.00E+00,1.14E+03
0.00E+00,2.00E+01,1.10E+01,1.00E+00,0.00E+00,0.00E+00,1.00E+00,8.01E+03,1.82E+04
0.00E+00,1.70E+01,8.00E+00,1.00E+00,0.00E+00,0.00E+00,1.00E+00,7.69E+02,3.02E+03
0.00E+00,1.80E+01,8.00E+00,0.00E+00,0.00E+00,0.00E+00,1.00E+00,1.35E+03,1.73E+03
0.00E+00,2.00E+01,1.00E+01,1.00E+00,0.00E+00,0.00E+00,1.00E+00,8.25E+02,0.00E+00
0.00E+00,1.70E+01,9.00E+00,0.00E+00,1.00E+00,0.00E+00,1.00E+00,0.00E+00,5.11E+03
0.00E+00,1.70E+01,9.00E+00,1.00E+00,0.00E+00,0.00E+00,1.00E+00,1.21E+03,0.00E+00
0.00E+00,1.90E+01,1.10E+01,1.00E+00,0.00E+00,0.00E+00,1.00E+00,0.00E+00,0.00E+00
0.00E+00,1.80E+01,1.00E+01,1.00E+00,0.00E+00,0.00E+00,1.00E+00,0.00E+00,7.81E+02
1.00E+00,3.70E+01,1.10E+01,1.00E+00,0.00E+00,1.00E+00,1.00E+00,0.00E+00,9.93E+03
1.00E+00,2.20E+01,9.00E+00,0.00E+00,1.00E+00,0.00E+00,1.00E+00,0.00E+00,3.60E+03
1.00E+00,3.00E+01,1.20E+01,1.00E+00,0.00E+00,0.00E+00,0.00E+00,0.00E+00,2.49E+04
1.00E+00,2.70E+01,1.10E+01,1.00E+00,0.00E+00,0.00E+00,1.00E+00,0.00E+00,7.51E+03
1.00E+00,3.30E+01,8.00E+00,1.00E+00,0.00E+00,0.00E+00,1.00E+00,0.00E+00,2.90E+02
1.00E+00,2.20E+01,9.00E+00,1.00E+00,0.00E+00,0.00E+00,1.00E+00,0.00E+00,4.06E+03
1.00E+00,2.30E+01,1.20E+01,1.00E+00,0.00E+00,0.00E+00,0.00E+00,0.00E+00,0.00E+00
1.00E+00,3.20E+01,1.10E+01,1.00E+00,0.00E+00,0.00E+00,1.00E+00,0.00E+00,8.47E+03
1.00E+00,2.20E+01,1.60E+01,1.00E+00,0.00E+00,0.00E+00,0.00E+00,0.00E+00,2.16E+03
1.00E+00,3.30E+01,1.20E+01,0.00E+00,0.00E+00,1.00E+00,0.00E+00,0.00E+00,1.24E+04
1.00E+00,1.90E+01,9.00E+00,1.00E+00,0.00E+00,0.00E+00,1.00E+00,0.00E+00,8.17E+03
1.00E+00,2.10E+01,1.30E+01,1.00E+00,0.00E+00,0.00E+00,0.00E+00,0.00E+00,1.71E+04
1.00E+00,1.80E+01,8.00E+00,1.00E+00,0.00E+00,0.00E+00,1.00E+00,0.00E+00,0.00E+00
1.00E+00,2.70E+01,1.00E+01,1.00E+00,0.00E+00,1.00E+00,1.00E+00,0.00E+00,1.87E+04
1.00E+00,1.70E+01,7.00E+00,1.00E+00,0.00E+00,0.00E+00,1.00E+00,0.00E+00,3.02E+03
1.00E+00,1.90E+01,1.00E+01,1.00E+00,0.00E+00,0.00E+00,1.00E+00,0.00E+00,3.23E+03
1.00E+00,2.70E+01,1.30E+01,1.00E+00,0.00E+00,0.00E+00,0.00E+00,0.00E+00,1.46E+04
1.00E+00,2.30E+01,1.00E+01,1.00E+00,0.00E+00,0.00E+00,1.00E+00,0.00E+00,7.69E+03
1.00E+00,4.00E+01,1.20E+01,1.00E+00,0.00E+00,0.00E+00,0.00E+00,0.00E+00,1.08E+04
1.00E+00,2.60E+01,1.20E+01,1.00E+00,0.00E+00,0.00E+00,0.00E+00,0.00E+00,1.07E+04
1.00E+00,2.30E+01,1.10E+01,1.00E+00,0.00E+00,0.00E+00,1.00E+00,0.00E+00,0.00E+00
1.00E+00,4.10E+01,1.40E+01,0.00E+00,0.00E+00,0.00E+00,0.00E+00,0.00E+00,5.15E+03
1.00E+00,3.80E+01,9.00E+00,0.00E+00,0.00E+00,0.00E+00,1.00E+00,0.00E+00,6.41E+03
1.00E+00,2.40E+01,1.10E+01,1.00E+00,0.00E+00,0.00E+00,1.00E+00,0.00E+00,1.99E+03
1.00E+00,3.30E+01,1.10E+01,1.00E+00,0.00E+00,0.00E+00,1.00E+00,7.87E+03,6.28E+03
1.00E+00,1.80E+01,1.00E+01,1.00E+00,0.00E+00,0.00E+00,1.00E+00,0.00E+00,1.12E+04
1.00E+00,2.90E+01,1.10E+01,1.00E+00,0.00E+00,1.00E+00,1.00E+00,0.00E+00,9.64E+03
1.00E+00,2.50E+01,1.10E+01,1.00E+00,0.00E+00,0.00E+00,1.00E+00,0.00E+00,9.90E+03
1.00E+00,2.70E+01,1.00E+01,0.00E+00,1.00E+00,0.00E+00,1.00E+00,0.00E+00,1.11E+04
1.00E+00,1.70E+01,1.00E+01,1.00E+00,0.00E+00,0.00E+00,1.00E+00,0.00E+00,1.62E+04
1.00E+00,2.40E+01,1.10E+01,1.00E+00,0.00E+00,0.00E+00,1.00E+00,0.00E+00,9.96E+02
1.00E+00,1.70E+01,1.00E+01,1.00E+00,0.00E+00,0.00E+00,1.00E+00,0.00E+00,0.00E+00
1.00E+00,2.60E+01,1.10E+01,1.00E+00,0.00E+00,1.00E+00,1.00E+00,2.75E+03,2.64E+04
1.00E+00,4.80E+01,4.00E+00,1.00E+00,0.00E+00,0.00E+00,1.00E+00,0.00E+00,6.55E+03
1.00E+00,2.50E+01,1.10E+01,1.00E+00,0.00E+00,1.00E+00,1.00E+00,0.00E+00,1.57E+03
1.00E+00,2.00E+01,1.20E+01,1.00E+00,0.00E+00,0.00E+00,0.00E+00,0.00E+00,0.00E+00
1.00E+00,2.50E+01,1.20E+01,1.00E+00,0.00E+00,0.00E+00,0.00E+00,0.00E+00,3.19E+03
1.00E+00,4.20E+01,1.40E+01,1.00E+00,0.00E+00,0.00E+00,0.00E+00,0.00E+00,2.05E+04
1.00E+00,2.50E+01,5.00E+00,1.00E+00,0.00E+00,0.00E+00,1.00E+00,0.00E+00,6.18E+03
1.00E+00,2.30E+01,1.20E+01,1.00E+00,0.00E+00,1.00E+00,0.00E+00,0.00E+00,5.91E+03
1.00E+00,4.60E+01,8.00E+00,1.00E+00,0.00E+00,1.00E+00,1.00E+00,0.00E+00,3.09E+03
1.00E+00,2.40E+01,1.00E+01,1.00E+00,0.00E+00,0.00E+00,1.00E+00,0.00E+00,0.00E+00
1.00E+00,2.10E+01,1.20E+01,1.00E+00,0.00E+00,0.00E+00,0.00E+00,0.00E+00,1.25E+03
1.00E+00,1.90E+01,9.00E+00,0.00E+00,0.00E+00,0.00E+00,1.00E+00,0.00E+00,1.32E+04
1.00E+00,1.70E+01,8.00E+00,1.00E+00,0.00E+00,0.00E+00,1.00E+00,0.00E+00,8.06E+03
1.00E+00,1.80E+01,8.00E+00,0.00E+00,1.00E+00,1.00E+00,1.00E+00,0.00E+00,2.79E+03
1.00E+00,2.00E+01,1.10E+01,1.00E+00,0.00E+00,0.00E+00,1.00E+00,0.00E+00,3.97E+03
1.00E+00,2.50E+01,1.10E+01,1.00E+00,0.00E+00,1.00E+00,1.00E+00,0.00E+00,0.00E+00
1.00E+00,1.70E+01,8.00E+00,1.00E+00,0.00E+00,0.00E+00,1.00E+00,0.00E+00,0.00E+00
1.00E+00,1.70E+01,9.00E+00,1.00E+00,0.00E+00,0.00E+00,1.00E+00,0.00E+00,0.00E+00
1.00E+00,2.50E+01,5.00E+00,1.00E+00,0.00E+00,0.00E+00,1.00E+00,0.00E+00,1.22E+04
1.00E+00,2.30E+01,1.20E+01,1.00E+00,0.00E+00,0.00E+00,0.00E+00,0.00E+00,4.84E+03
1.00E+00,2.80E+01,8.00E+00,1.00E+00,0.00E+00,0.00E+00,1.00E+00,0.00E+00,0.00E+00
1.00E+00,3.10E+01,1.10E+01,1.00E+00,0.00E+00,1.00E+00,1.00E+00,0.00E+00,8.09E+03
1.00E+00,1.80E+01,1.10E+01,1.00E+00,0.00E+00,0.00E+00,1.00E+00,0.00E+00,0.00E+00
1.00E+00,2.50E+01,1.20E+01,1.00E+00,0.00E+00,0.00E+00,0.00E+00,0.00E+00,2.35E+03
1.00E+00,3.00E+01,1.10E+01,1.00E+00,0.00E+00,1.00E+00,1.00E+00,0.00E+00,5.91E+02
1.00E+00,1.70E+01,1.00E+01,1.00E+00,0.00E+00,0.00E+00,1.00E+00,0.00E+00,0.00E+00
1.00E+00,3.70E+01,9.00E+00,1.00E+00,0.00E+00,0.00E+00,1.00E+00,0.00E+00,1.07E+03
1.00E+00,4.10E+01,4.00E+00,1.00E+00,0.00E+00,1.00E+00,1.00E+00,0.00E+00,7.28E+03
1.00E+00,4.20E+01,1.40E+01,1.00E+00,0.00E+00,1.00E+00,0.00E+00,0.00E+00,1.32E+04
1.00E+00,2.20E+01,1.10E+01,0.00E+00,0.00E+00,0.00E+00,1.00E+00,0.00E+00,1.05E+03
1.00E+00,1.70E+01,8.00E+00,1.00E+00,0.00E+00,0.00E+00,1.00E+00,0.00E+00,0.00E+00
1.00E+00,2.90E+01,8.00E+00,1.00E+00,0.00E+00,0.00E+00,1.00E+00,0.00E+00,1.92E+03
1.00E+00,2.80E+01,1.00E+01,1.00E+00,0.00E+00,0.00E+00,1.00E+00,2.84E+03,3.20E+03
1.00E+00,3.50E+01,1.00E+01,1.00E+00,0.00E+00,0.00E+00,1.00E+00,0.00E+00,4.67E+03
1.00E+00,2.70E+01,1.10E+01,1.00E+00,0.00E+00,0.00E+00,1.00E+00,0.00E+00,5.49E+02
1.00E+00,2.90E+01,4.00E+00,1.00E+00,0.00E+00,0.00E+00,1.00E+00,0.00E+00,7.63E+02
1.00E+00,2.80E+01,9.00E+00,1.00E+00,0.00E+00,0.00E+00,1.00E+00,0.00E+00,1.07E+04
1.00E+00,2.70E+01,1.10E+01,1.00E+00,0.00E+00,0.00E+00,1.00E+00,0.00E+00,0.00E+00
1.00E+00,2.30E+01,7.00E+00,0.00E+00,0.00E+00,0.00E+00,1.00E+00,0.00E+00,0.00E+00
1.00E+00,4.50E+01,5.00E+00,1.00E+00,0.00E+00,1.00E+00,1.00E+00,0.00E+00,8.55E+03
1.00E+00,2.90E+01,1.30E+01,1.00E+00,0.00E+00,0.00E+00,0.00E+00,0.00E+00,7.48E+03
1.00E+00,2.70E+01,9.00E+00,1.00E+00,0.00E+00,0.00E+00,1.00E+00,0.00E+00,0.00E+00
1.00E+00,4.60E+01,1.30E+01,1.00E+00,0.00E+00,0.00E+00,0.00E+00,0.00E+00,6.47E+02
1.00E+00,1.80E+01,6.00E+00,1.00E+00,0.00E+00,0.00E+00,1.00E+00,0.00E+00,0.00E+00
1.00E+00,2.50E+01,1.20E+01,1.00E+00,0.00E+00,0.00E+00,0.00E+00,0.00E+00,1.20E+04
1.00E+00,2.80E+01,1.50E+01,1.00E+00,0.00E+00,0.00E+00,0.00E+00,0.00E+00,9.60E+03
1.00E+00,3.10E+01,9.00E+00,1.00E+00,0.00E+00,0.00E+00,1.00E+00,1.70E+03,1.04E+04
1.00E+00,2.50E+01,1.10E+01,0.00E+00,0.00E+00,0.00E+00,1.00E+00,0.00E+00,1.88E+04
1.00E+00,2.20E+01,1.20E+01,1.00E+00,0.00E+00,0.00E+00,0.00E+00,0.00E+00,1.87E+04
1.00E+00,2.80E+01,1.10E+01,1.00E+00,0.00E+00,0.00E+00,1.00E+00,1.28E+03,6.03E+04
1.00E+00,2.10E+01,9.00E+00,1.00E+00,0.00E+00,0.00E+00,1.00E+00,0.00E+00,0.00E+00
1.00E+00,4.00E+01,1.10E+01,1.00E+00,0.00E+00,0.00E+00,1.00E+00,0.00E+00,2.30E+04
1.00E+00,2.20E+01,1.10E+01,1.00E+00,0.00E+00,0.00E+00,1.00E+00,0.00E+00,6.46E+03
1.00E+00,2.50E+01,1.20E+01,1.00E+00,0.00E+00,0.00E+00,0.00E+00,0.00E+00,0.00E+00
1.00E+00,2.70E+01,9.00E+00,1.00E+00,0.00E+00,1.00E+00,1.00E+00,9.34E+02,1.77E+03
1.00E+00,2.30E+01,1.00E+01,1.00E+00,0.00E+00,1.00E+00,1.00E+00,9.36E+02,1.12E+04
1.00E+00,2.90E+01,1.00E+01,1.00E+00,0.00E+00,0.00E+00,1.00E+00,4.40E+03,0.00E+00
1.00E+00,1.80E+01,1.20E+01,1.00E+00,0.00E+00,0.00E+00,0.00E+00,0.00E+00,2.32E+03
1.00E+00,3.80E+01,1.20E+01,0.00E+00,0.00E+00,0.00E+00,0.00E+00,0.00E+00,4.94E+03
1.00E+00,2.70E+01,1.30E+01,1.00E+00,0.00E+00,0.00E+00,0.00E+00,0.00E+00,0.00E+00
1.00E+00,2.70E+01,8.00E+00,1.00E+00,0.00E+00,0.00E+00,1.00E+00,0.00E+00,0.00E+00
1.00E+00,3.80E+01,1.10E+01,1.00E+00,0.00E+00,0.00E+00,1.00E+00,0.00E+00,0.00E+00
1.00E+00,2.30E+01,8.00E+00,0.00E+00,1.00E+00,0.00E+00,1.00E+00,0.00E+00,3.88E+03
1.00E+00,2.60E+01,1.10E+01,1.00E+00,0.00E+00,0.00E+00,1.00E+00,0.00E+00,1.72E+04
1.00E+00,4.20E+01,9.00E+00,1.00E+00,0.00E+00,1.00E+00,1.00E+00,3.06E+03,1.29E+03
1.00E+00,2.10E+01,1.20E+01,0.00E+00,0.00E+00,0.00E+00,0.00E+00,0.00E+00,8.05E+03
1.00E+00,2.50E+01,8.00E+00,1.00E+00,0.00E+00,0.00E+00,1.00E+00,0.00E+00,0.00E+00
1.00E+00,3.10E+01,1.10E+01,1.00E+00,0.00E+00,1.00E+00,1.00E+00,0.00E+00,1.45E+04
1.00E+00,1.70E+01,1.00E+01,1.00E+00,0.00E+00,0.00E+00,1.00E+00,0.00E+00,0.00E+00
1.00E+00,1.90E+01,8.00E+00,1.00E+00,0.00E+00,0.00E+00,1.00E+00,2.66E+03,9.97E+03
1.00E+00,2.90E+01,1.40E+01,1.00E+00,0.00E+00,0.00E+00,0.00E+00,6.80E+02,1.78E+04
1.00E+00,2.50E+01,1.10E+01,1.00E+00,0.00E+00,0.00E+00,1.00E+00,0.00E+00,0.00E+00
1.00E+00,2.10E+01,1.20E+01,1.00E+00,0.00E+00,0.00E+00,0.00E+00,0.00E+00,9.98E+03
1.00E+00,4.40E+01,1.10E+01,1.00E+00,0.00E+00,0.00E+00,1.00E+00,0.00E+00,0.00E+00
1.00E+00,1.90E+01,1.00E+01,1.00E+00,0.00E+00,0.00E+00,1.00E+00,3.85E+02,8.12E+03
1.00E+00,2.50E+01,1.20E+01,0.00E+00,0.00E+00,0.00E+00,0.00E+00,0.00E+00,5.59E+03
1.00E+00,1.80E+01,1.00E+01,1.00E+00,0.00E+00,0.00E+00,1.00E+00,7.99E+02,9.74E+03
1.00E+00,1.80E+01,9.00E+00,1.00E+00,0.00E+00,0.00E+00,1.00E+00,0.00E+00,4.48E+03
1.00E+00,1.90E+01,9.00E+00,1.00E+00,0.00E+00,0.00E+00,1.00E+00,7.99E+02,1.77E+04
1.00E+00,1.80E+01,9.00E+00,1.00E+00,0.00E+00,0.00E+00,1.00E+00,3.29E+03,5.01E+03
1.00E+00,2.60E+01,1.10E+01,1.00E+00,0.00E+00,1.00E+00,1.00E+00,1.39E+03,1.46E+03
1.00E+00,4.20E+01,1.20E+01,1.00E+00,0.00E+00,0.00E+00,0.00E+00,0.00E+00,2.46E+03
1.00E+00,2.50E+01,1.00E+01,1.00E+00,0.00E+00,0.00E+00,1.00E+00,0.00E+00,0.00E+00
1.00E+00,3.10E+01,9.00E+00,0.00E+00,1.00E+00,0.00E+00,1.00E+00,0.00E+00,2.68E+04
1.00E+00,2.40E+01,1.00E+01,1.00E+00,0.00E+00,0.00E+00,1.00E+00,0.00E+00,0.00E+00
1.00E+00,2.60E+01,1.00E+01,1.00E+00,0.00E+00,0.00E+00,1.00E+00,0.00E+00,9.27E+03
1.00E+00,2.00E+01,1.20E+01,1.00E+00,0.00E+00,0.00E+00,0.00E+00,3.78E+02,1.65E+03
1.00E+00,1.90E+01,1.00E+01,0.00E+00,0.00E+00,0.00E+00,1.00E+00,5.32E+03,1.38E+04
1.00E+00,2.50E+01,1.10E+01,1.00E+00,0.00E+00,0.00E+00,1.00E+00,0.00E+00,4.85E+02
1.00E+00,2.30E+01,8.00E+00,0.00E+00,0.00E+00,1.00E+00,1.00E+00,1.71E+03,4.23E+03
1.00E+00,3.10E+01,1.20E+01,0.00E+00,0.00E+00,0.00E+00,0.00E+00,2.61E+03,2.48E+03
1.00E+00,1.80E+01,1.10E+01,1.00E+00,0.00E+00,0.00E+00,1.00E+00,0.00E+00,4.81E+03
1.00E+00,1.90E+01,1.10E+01,1.00E+00,0.00E+00,0.00E+00,1.00E+00,0.00E+00,7.46E+03
1.00E+00,4.30E+01,9.00E+00,1.00E+00,0.00E+00,0.00E+00,1.00E+00,0.00E+00,0.00E+00
1.00E+00,2.70E+01,1.30E+01,1.00E+00,0.00E+00,0.00E+00,0.00E+00,0.00E+00,3.41E+04
1.00E+00,2.60E+01,1.10E+01,0.00E+00,0.00E+00,0.00E+00,1.00E+00,2.23E+03,1.34E+04
1.00E+00,2.90E+01,1.00E+01,0.00E+00,1.00E+00,0.00E+00,1.00E+00,8.85E+03,5.11E+03
1.00E+00,1.70E+01,9.00E+00,1.00E+00,0.00E+00,0.00E+00,1.00E+00,0.00E+00,1.95E+03
1.00E+00,3.00E+01,1.10E+01,1.00E+00,0.00E+00,0.00E+00,1.00E+00,0.00E+00,0.00E+00
1.00E+00,1.70E+01,1.00E+01,1.00E+00,0.00E+00,0.00E+00,1.00E+00,1.57E+02,1.06E+04
1.00E+00,2.00E+01,1.20E+01,0.00E+00,0.00E+00,1.00E+00,0.00E+00,8.64E+03,1.17E+04
1.00E+00,1.70E+01,9.00E+00,1.00E+00,0.00E+00,0.00E+00,1.00E+00,3.75E+02,3.62E+03
1.00E+00,1.80E+01,1.20E+01,1.00E+00,0.00E+00,0.00E+00,0.00E+00,5.63E+02,0.00E+00
1.00E+00,2.10E+01,1.10E+01,0.00E+00,1.00E+00,0.00E+00,1.00E+00,1.40E+03,0.00E+00
1.00E+00,3.00E+01,1.10E+01,1.00E+00,0.00E+00,0.00E+00,1.00E+00,1.91E+03,0.00E+00
1.00E+00,1.80E+01,1.10E+01,0.00E+00,1.00E+00,0.00E+00,1.00E+00,5.49E+03,2.45E+03
1.00E+00,2.00E+01,1.20E+01,1.00E+00,0.00E+00,0.00E+00,0.00E+00,9.23E+03,0.00E+00
1.00E+00,2.00E+01,6.00E+00,0.00E+00,1.00E+00,1.00E+00,1.00E+00,1.08E+04,4.49E+03
1.00E+00,2.00E+01,1.00E+01,1.00E+00,0.00E+00,0.00E+00,1.00E+00,1.11E+04,0.00E+00
1.00E+00,2.50E+01,8.00E+00,1.00E+00,0.00E+00,0.00E+00,1.00E+00,3.74E+04,2.35E+03
1.00E+00,1.70E+01,9.00E+00,0.00E+00,0.00E+00,0.00E+00,1.00E+00,1.62E+03,6.01E+03
1.00E+00,1.80E+01,1.00E+01,0.00E+00,1.00E+00,0.00E+00,1.00E+00,2.59E+03,0.00E+00
1.00E+00,1.90E+01,9.00E+00,0.00E+00,1.00E+00,0.00E+00,1.00E+00,6.51E+03,7.91E+03
1.00E+00,1.90E+01,1.10E+01,1.00E+00,0.00E+00,0.00E+00,1.00E+00,1.93E+02,6.61E+02
1.00E+00,2.70E+01,1.00E+01,0.00E+00,1.00E+00,0.00E+00,1.00E+00,4.21E+02,3.08E+03
1.00E+00,1.80E+01,1.20E+01,0.00E+00,1.00E+00,0.00E+00,0.00E+00,5.36E+02,1.12E+03
1.00E+00,2.20E+01,1.10E+01,1.00E+00,0.00E+00,0.00E+00,1.00E+00,6.07E+02,3.18E+02
1.00E+00,2.00E+01,9.00E+00,1.00E+00,0.00E+00,0.00E+00,1.00E+00,6.61E+02,1.22E+04
1.00E+00,2.00E+01,1.10E+01,1.00E+00,0.00E+00,0.00E+00,1.00E+00,6.96E+02,0.00E+00
1.00E+00,1.80E+01,1.00E+01,1.00E+00,0.00E+00,0.00E+00,1.00E+00,7.00E+02,4.81E+02
1.00E+00,1.70E+01,1.00E+01,1.00E+00,0.00E+00,0.00E+00,1.00E+00,8.57E+02,3.25E+03
1.00E+00,2.60E+01,1.20E+01,1.00E+00,0.00E+00,0.00E+00,0.00E+00,1.09E+03,1.15E+04
1.00E+00,2.20E+01,1.00E+01,1.00E+00,0.00E+00,0.00E+00,1.00E+00,1.07E+03,7.32E+03
1.00E+00,2.00E+01,1.20E+01,1.00E+00,0.00E+00,0.00E+00,0.00E+00,1.16E+03,7.02E+02
1.00E+00,1.80E+01,8.00E+00,1.00E+00,0.00E+00,0.00E+00,1.00E+00,1.20E+03,0.00E+00
1.00E+00,1.80E+01,9.00E+00,1.00E+00,0.00E+00,0.00E+00,1.00E+00,1.29E+03,1.54E+04
1.00E+00,1.80E+01,1.00E+01,1.00E+00,0.00E+00,0.00E+00,1.00E+00,1.37E+03,1.21E+04
1.00E+00,1.90E+01,1.00E+01,1.00E+00,0.00E+00,0.00E+00,1.00E+00,1.37E+03,1.33E+04
1.00E+00,1.80E+01,9.00E+00,0.00E+00,1.00E+00,0.00E+00,1.00E+00,1.71E+03,8.84E+03
1.00E+00,1.70E+01,1.00E+01,0.00E+00,1.00E+00,0.00E+00,1.00E+00,2.20E+03,4.39E+03
1.00E+00,1.90E+01,1.10E+01,1.00E+00,0.00E+00,0.00E+00,1.00E+00,1.93E+03,1.20E+04
1.00E+00,2.70E+01,1.10E+01,1.00E+00,0.00E+00,1.00E+00,1.00E+00,2.14E+03,2.19E+03
1.00E+00,1.90E+01,1.00E+01,1.00E+00,0.00E+00,0.00E+00,1.00E+00,3.21E+03,2.98E+03
1.00E+00,1.90E+01,9.00E+00,0.00E+00,1.00E+00,0.00E+00,1.00E+00,3.28E+03,1.43E+04
1.00E+00,2.70E+01,1.00E+01,1.00E+00,0.00E+00,0.00E+00,1.00E+00,3.21E+03,2.09E+03
1.00E+00,2.10E+01,1.10E+01,1.00E+00,0.00E+00,1.00E+00,1.00E+00,4.17E+03,1.13E+04
1.00E+00,2.90E+01,1.00E+01,1.00E+00,0.00E+00,1.00E+00,1.00E+00,4.92E+03,1.31E+02
1.00E+00,3.40E+01,1.10E+01,0.00E+00,1.00E+00,0.00E+00,1.00E+00,4.64E+03,2.88E+03
1.00E+00,2.50E+01,1.00E+01,0.00E+00,0.00E+00,0.00E+00,1.00E+00,4.71E+03,6.10E+03
1.00E+00,3.10E+01,1.30E+01,0.00E+00,0.00E+00,0.00E+00,0.00E+00,5.50E+03,2.33E+03
1.00E+00,4.10E+01,9.00E+00,1.00E+00,0.00E+00,1.00E+00,1.00E+00,5.78E+03,0.00E+00
1.00E+00,2.10E+01,1.10E+01,0.00E+00,1.00E+00,0.00E+00,1.00E+00,6.66E+03,9.38E+03
1.00E+00,2.00E+01,1.10E+01,1.00E+00,0.00E+00,0.00E+00,1.00E+00,6.43E+03,1.65E+04
1.00E+00,2.40E+01,1.20E+01,0.00E+00,1.00E+00,1.00E+00,0.00E+00,7.21E+03,6.49E+03
1.00E+00,4.10E+01,9.00E+00,1.00E+00,0.00E+00,1.00E+00,1.00E+00,7.21E+03,3.15E+03
1.00E+00,2.10E+01,1.20E+01,0.00E+00,0.00E+00,0.00E+00,0.00E+00,7.39E+03,3.56E+03
1.00E+00,2.20E+01,1.10E+01,1.00E+00,0.00E+00,0.00E+00,1.00E+00,7.50E+03,6.69E+02
1.00E+00,2.00E+01,9.00E+00,0.00E+00,1.00E+00,0.00E+00,1.00E+00,8.02E+03,5.49E+03
1.00E+00,1.70E+01,1.10E+01,1.00E+00,0.00E+00,0.00E+00,1.00E+00,8.50E+03,9.02E+03
1.00E+00,2.40E+01,1.10E+01,1.00E+00,0.00E+00,0.00E+00,1.00E+00,9.18E+03,0.00E+00
1.00E+00,2.30E+01,1.20E+01,1.00E+00,0.00E+00,1.00E+00,0.00E+00,1.51E+04,1.03E+04
1.00E+00,2.30E+01,1.00E+01,1.00E+00,0.00E+00,0.00E+00,1.00E+00,1.57E+04,5.67E+03
1.00E+00,2.60E+01,1.10E+01,0.00E+00,0.00E+00,0.00E+00,1.00E+00,2.30E+04,2.75E+03
1.00E+00,2.10E+01,1.30E+01,1.00E+00,0.00E+00,0.00E+00,0.00E+00,2.48E+04,8.80E+03
1.00E+00,1.80E+01,1.00E+01,1.00E+00,0.00E+00,1.00E+00,1.00E+00,1.96E+03,1.10E+04
1.00E+00,2.20E+01,1.00E+01,1.00E+00,0.00E+00,0.00E+00,1.00E+00,6.54E+02,1.11E+04
1.00E+00,1.70E+01,1.00E+01,1.00E+00,0.00E+00,0.00E+00,1.00E+00,1.00E+03,1.43E+03
1.00E+00,2.00E+01,7.00E+00,1.00E+00,0.00E+00,0.00E+00,1.00E+00,1.57E+03,5.52E+03
1.00E+00,1.70E+01,9.00E+00,1.00E+00,0.00E+00,0.00E+00,1.00E+00,1.67E+03,5.59E+03
1.00E+00,2.30E+01,1.10E+01,1.00E+00,0.00E+00,0.00E+00,1.00E+00,1.96E+03,3.69E+03
1.00E+00,3.20E+01,1.00E+01,1.00E+00,0.00E+00,0.00E+00,1.00E+00,2.32E+03,1.79E+02
1.00E+00,1.90E+01,1.20E+01,1.00E+00,0.00E+00,0.00E+00,0.00E+00,2.53E+03,4.55E+03
1.00E+00,3.00E+01,1.00E+01,1.00E+00,0.00E+00,0.00E+00,1.00E+00,2.62E+03,0.00E+00
1.00E+00,2.50E+01,1.20E+01,1.00E+00,0.00E+00,0.00E+00,0.00E+00,2.75E+03,2.09E+03
1.00E+00,2.60E+01,1.10E+01,0.00E+00,0.00E+00,0.00E+00,1.00E+00,4.68E+03,1.97E+03
1.00E+00,1.90E+01,1.00E+01,1.00E+00,0.00E+00,0.00E+00,1.00E+00,3.47E+03,5.86E+03
1.00E+00,1.90E+01,8.00E+00,0.00E+00,0.00E+00,0.00E+00,1.00E+00,3.42E+03,9.25E+03
1.00E+00,2.00E+01,1.00E+01,1.00E+00,0.00E+00,0.00E+00,1.00E+00,5.10E+03,1.36E+04
1.00E+00,2.10E+01,1.10E+01,1.00E+00,0.00E+00,0.00E+00,1.00E+00,5.31E+03,7.91E+03
1.00E+00,2.30E+01,1.20E+01,1.00E+00,0.00E+00,0.00E+00,0.00E+00,7.84E+03,7.95E+03
1.00E+00,1.90E+01,1.10E+01,1.00E+00,0.00E+00,0.00E+00,1.00E+00,6.41E+03,1.16E+04
1.00E+00,2.20E+01,1.10E+01,1.00E+00,0.00E+00,0.00E+00,1.00E+00,8.77E+03,1.83E+04
1.00E+00,2.30E+01,1.20E+01,1.00E+00,0.00E+00,0.00E+00,0.00E+00,7.78E+03,1.44E+04
1.00E+00,2.60E+01,1.00E+01,1.00E+00,0.00E+00,1.00E+00,1.00E+00,8.14E+03,4.64E+03
1.00E+00,2.40E+01,1.20E+01,1.00E+00,0.00E+00,0.00E+00,0.00E+00,1.30E+04,0.00E+00
1.00E+00,1.80E+01,1.00E+01,0.00E+00,1.00E+00,0.00E+00,1.00E+00,1.26E+04,0.00E+00
1.00E+00,2.70E+01,1.10E+01,1.00E+00,0.00E+00,0.00E+00,1.00E+00,1.42E+04,7.66E+03
1.00E+00,2.10E+01,1.10E+01,0.00E+00,1.00E+00,0.00E+00,1.00E+00,1.80E+04,1.52E+04
1.00E+00,2.50E+01,8.00E+00,0.00E+00,0.00E+00,0.00E+00,1.00E+00,2.31E+04,6.42E+03
1.00E+00,2.10E+01,1.20E+01,1.00E+00,0.00E+00,0.00E+00,0.00E+00,8.08E+02,4.35E+03
1.00E+00,1.90E+01,1.10E+01,1.00E+00,0.00E+00,0.00E+00,1.00E+00,5.32E+02,0.00E+00
1.00E+00,1.80E+01,1.10E+01,1.00E+00,0.00E+00,0.00E+00,1.00E+00,8.52E+02,0.00E+00
1.00E+00,3.40E+01,7.00E+00,1.00E+00,0.00E+00,0.00E+00,1.00E+00,8.58E+02,0.00E+00
1.00E+00,2.10E+01,1.10E+01,0.00E+00,0.00E+00,0.00E+00,1.00E+00,9.46E+02,1.14E+04
1.00E+00,2.50E+01,9.00E+00,1.00E+00,0.00E+00,0.00E+00,1.00E+00,1.54E+03,1.71E+03
1.00E+00,1.70E+01,9.00E+00,1.00E+00,0.00E+00,0.00E+00,1.00E+00,1.34E+03,1.37E+03
1.00E+00,2.80E+01,8.00E+00,1.00E+00,0.00E+00,0.00E+00,1.00E+00,1.18E+03,7.78E+03
1.00E+00,1.80E+01,9.00E+00,1.00E+00,0.00E+00,0.00E+00,1.00E+00,1.18E+03,5.10E+03
1.00E+00,2.70E+01,1.20E+01,1.00E+00,0.00E+00,0.00E+00,0.00E+00,4.31E+03,0.00E+00
1.00E+00,2.30E+01,9.00E+00,1.00E+00,0.00E+00,0.00E+00,1.00E+00,1.77E+03,1.15E+04
1.00E+00,1.90E+01,8.00E+00,0.00E+00,1.00E+00,0.00E+00,1.00E+00,1.86E+03,8.77E+03
1.00E+00,2.10E+01,1.10E+01,1.00E+00,0.00E+00,0.00E+00,1.00E+00,2.16E+03,0.00E+00
1.00E+00,2.10E+01,1.10E+01,1.00E+00,0.00E+00,0.00E+00,1.00E+00,2.22E+03,4.08E+03
1.00E+00,2.30E+01,1.00E+01,1.00E+00,0.00E+00,0.00E+00,1.00E+00,2.22E+03,0.00E+00
1.00E+00,2.70E+01,9.00E+00,1.00E+00,0.00E+00,0.00E+00,1.00E+00,2.29E+03,2.02E+03
1.00E+00,2.70E+01,1.10E+01,1.00E+00,0.00E+00,0.00E+00,1.00E+00,2.48E+03,0.00E+00
1.00E+00,2.30E+01,1.20E+01,0.00E+00,0.00E+00,0.00E+00,0.00E+00,3.90E+03,7.97E+02
1.00E+00,2.70E+01,8.00E+00,1.00E+00,0.00E+00,0.00E+00,1.00E+00,7.22E+03,7.98E+03
1.00E+00,2.80E+01,1.10E+01,1.00E+00,0.00E+00,1.00E+00,1.00E+00,6.95E+03,7.32E+03
1.00E+00,2.50E+01,1.20E+01,1.00E+00,0.00E+00,0.00E+00,0.00E+00,5.20E+03,0.00E+00
1.00E+00,2.00E+01,1.20E+01,1.00E+00,0.00E+00,0.00E+00,0.00E+00,6.09E+03,9.75E+03
1.00E+00,2.60E+01,1.20E+01,1.00E+00,0.00E+00,0.00E+00,0.00E+00,6.61E+03,5.81E+03
1.00E+00,2.30E+01,1.00E+01,1.00E+00,0.00E+00,1.00E+00,1.00E+00,1.05E+04,3.39E+03
1.00E+00,4.90E+01,8.00E+00,0.00E+00,0.00E+00,1.00E+00,1.00E+00,7.29E+03,1.67E+04
1.00E+00,1.90E+01,1.10E+01,1.00E+00,0.00E+00,0.00E+00,1.00E+00,1.02E+04,1.13E+04
1.00E+00,2.10E+01,1.30E+01,0.00E+00,0.00E+00,0.00E+00,0.00E+00,8.62E+03,9.96E+01
1.00E+00,2.70E+01,1.20E+01,1.00E+00,0.00E+00,1.00E+00,0.00E+00,7.81E+03,2.78E+03
1.00E+00,2.30E+01,1.10E+01,1.00E+00,0.00E+00,0.00E+00,1.00E+00,8.96E+03,1.66E+03
1.00E+00,2.20E+01,1.10E+01,1.00E+00,0.00E+00,0.00E+00,1.00E+00,1.22E+04,8.41E+03
1.00E+00,2.40E+01,1.50E+01,1.00E+00,0.00E+00,0.00E+00,0.00E+00,1.30E+04,1.47E+04
1.00E+00,2.40E+01,1.20E+01,1.00E+00,0.00E+00,0.00E+00,0.00E+00,1.82E+04,0.00E+00
1.00E+00,1.80E+01,1.10E+01,1.00E+00,0.00E+00,0.00E+00,1.00E+00,2.15E+02,9.30E+02
1.00E+00,1.70E+01,1.00E+01,1.00E+00,0.00E+00,0.00E+00,1.00E+00,5.79E+03,5.52E+03
1.00E+00,1.70E+01,9.00E+00,1.00E+00,0.00E+00,0.00E+00,1.00E+00,1.25E+03,5.45E+03
1.00E+00,2.80E+01,1.10E+01,1.00E+00,0.00E+00,0.00E+00,1.00E+00,6.87E+03,0.00E+00
1.00E+00,2.70E+01,1.10E+01,1.00E+00,0.00E+00,0.00E+00,1.00E+00,2.67E+03,0.00E+00
1.00E+00,1.90E+01,1.10E+01,1.00E+00,0.00E+00,0.00E+00,1.00E+00,2.62E+03,4.15E+03
1.00E+00,1.80E+01,1.10E+01,0.00E+00,0.00E+00,0.00E+00,1.00E+00,9.20E+02,4.32E+03
1.00E+00,2.40E+01,1.00E+01,1.00E+00,0.00E+00,0.00E+00,1.00E+00,2.42E+03,1.66E+03
1.00E+00,2.30E+01,1.20E+01,1.00E+00,0.00E+00,0.00E+00,0.00E+00,3.04E+03,8.48E+03
1.00E+00,2.10E+01,9.00E+00,1.00E+00,0.00E+00,0.00E+00,1.00E+00,5.75E+03,7.44E+02
1.00E+00,2.10E+01,1.20E+01,1.00E+00,0.00E+00,0.00E+00,0.00E+00,3.33E+03,9.37E+03
1.00E+00,2.40E+01,9.00E+00,1.00E+00,0.00E+00,0.00E+00,1.00E+00,2.29E+03,4.85E+03
1.00E+00,2.00E+01,9.00E+00,0.00E+00,1.00E+00,0.00E+00,1.00E+00,5.88E+03,1.36E+03
1.00E+00,2.50E+01,1.30E+01,1.00E+00,0.00E+00,0.00E+00,0.00E+00,3.09E+03,0.00E+00
1.00E+00,3.50E+01,8.00E+00,1.00E+00,0.00E+00,1.00E+00,1.00E+00,1.80E+04,3.79E+03
1.00E+00,1.70E+01,9.00E+00,0.00E+00,1.00E+00,0.00E+00,1.00E+00,7.43E+01,6.21E+03
1.00E+00,2.40E+01,1.10E+01,1.00E+00,0.00E+00,1.00E+00,1.00E+00,1.67E+03,4.03E+03
1.00E+00,2.00E+01,1.20E+01,1.00E+00,0.00E+00,0.00E+00,0.00E+00,1.65E+02,0.00E+00
1.00E+00,2.10E+01,8.00E+00,1.00E+00,0.00E+00,0.00E+00,1.00E+00,3.70E+03,4.28E+03
1.00E+00,1.80E+01,1.00E+01,1.00E+00,0.00E+00,0.00E+00,1.00E+00,1.78E+03,1.11E+04
1.00E+00,2.70E+01,1.20E+01,1.00E+00,0.00E+00,0.00E+00,0.00E+00,3.58E+02,2.22E+04
1.00E+00,2.20E+01,9.00E+00,1.00E+00,0.00E+00,0.00E+00,1.00E+00,3.84E+03,3.46E+03
1.00E+00,4.60E+01,8.00E+00,1.00E+00,0.00E+00,0.00E+00,1.00E+00,2.59E+03,0.00E+00
1.00E+00,1.90E+01,1.00E+01,1.00E+00,0.00E+00,0.00E+00,1.00E+00,6.06E+03,0.00E+00
1.00E+00,1.90E+01,1.10E+01,0.00E+00,1.00E+00,1.00E+00,1.00E+00,5.46E+03,6.79E+03
1.00E+00,2.20E+01,1.20E+01,1.00E+00,0.00E+00,0.00E+00,0.00E+00,9.36E+02,0.00E+00
1.00E+00,2.20E+01,1.20E+01,0.00E+00,0.00E+00,0.00E+00,0.00E+00,8.46E+03,1.26E+04
1.00E+00,2.60E+01,1.20E+01,1.00E+00,0.00E+00,1.00E+00,0.00E+00,5.79E+03,1.42E+03
1.00E+00,2.90E+01,1.20E+01,1.00E+00,0.00E+00,0.00E+00,0.00E+00,4.88E+03,1.10E+04
1.00E+00,3.10E+01,9.00E+00,1.00E+00,0.00E+00,0.00E+00,1.00E+00,5.52E+03,9.56E+03
1.00E+00,2.90E+01,1.20E+01,1.00E+00,0.00E+00,0.00E+00,0.00E+00,1.82E+03,0.00E+00
1.00E+00,3.50E+01,9.00E+00,1.00E+00,0.00E+00,1.00E+00,1.00E+00,1.38E+04,1.28E+04
1.00E+00,2.50E+01,1.20E+01,1.00E+00,0.00E+00,0.00E+00,0.00E+00,2.41E+03,0.00E+00
1.00E+00,2.20E+01,1.20E+01,0.00E+00,1.00E+00,1.00E+00,0.00E+00,7.06E+03,1.01E+04
1.00E+00,2.70E+01,1.00E+01,1.00E+00,0.00E+00,0.00E+00,1.00E+00,3.55E+03,0.00E+00
1.00E+00,2.20E+01,1.00E+01,1.00E+00,0.00E+00,1.00E+00,1.00E+00,5.59E+03,1.32E+04
1.00E+00,1.90E+01,8.00E+00,1.00E+00,0.00E+00,0.00E+00,1.00E+00,2.94E+03,7.54E+03
1.00E+00,2.00E+01,1.10E+01,1.00E+00,0.00E+00,0.00E+00,1.00E+00,1.22E+03,1.09E+03
1.00E+00,2.10E+01,1.20E+01,0.00E+00,0.00E+00,0.00E+00,0.00E+00,3.34E+02,1.26E+04
1.00E+00,2.70E+01,1.20E+01,1.00E+00,0.00E+00,1.00E+00,0.00E+00,3.34E+02,0.00E+00
1.00E+00,2.00E+01,1.00E+01,1.00E+00,0.00E+00,0.00E+00,1.00E+00,2.78E+03,5.62E+03
1.00E+00,2.30E+01,1.20E+01,1.00E+00,0.00E+00,0.00E+00,0.00E+00,5.01E+02,6.71E+02
1.00E+00,2.70E+01,1.30E+01,0.00E+00,0.00E+00,1.00E+00,0.00E+00,8.54E+02,0.00E+00
1.00E+00,2.30E+01,1.20E+01,0.00E+00,1.00E+00,0.00E+00,0.00E+00,1.12E+03,5.59E+02
1.00E+00,2.40E+01,1.20E+01,1.00E+00,0.00E+00,0.00E+00,0.00E+00,2.84E+03,6.17E+03
1.00E+00,2.00E+01,1.10E+01,1.00E+00,0.00E+00,0.00E+00,1.00E+00,1.48E+03,6.94E+03
1.00E+00,2.60E+01,1.00E+01,1.00E+00,0.00E+00,0.00E+00,1.00E+00,6.79E+03,6.73E+02
1.00E+00,2.50E+01,1.40E+01,1.00E+00,0.00E+00,1.00E+00,0.00E+00,1.15E+04,3.66E+04
1.00E+00,2.60E+01,1.00E+01,1.00E+00,0.00E+00,1.00E+00,1.00E+00,0.00E+00,0.00E+00
1.00E+00,2.00E+01,9.00E+00,1.00E+00,0.00E+00,0.00E+00,1.00E+00,0.00E+00,8.88E+03
1.00E+00,3.10E+01,4.00E+00,1.00E+00,0.00E+00,0.00E+00,1.00E+00,4.02E+03,7.38E+03
1.00E+00,2.40E+01,1.00E+01,1.00E+00,0.00E+00,1.00E+00,1.00E+00,4.08E+03,0.00E+00
1.00E+00,3.30E+01,1.10E+01,1.00E+00,0.00E+00,1.00E+00,1.00E+00,2.51E+04,4.18E+03
1.00E+00,3.30E+01,1.20E+01,1.00E+00,0.00E+00,1.00E+00,0.00E+00,1.09E+04,1.60E+04